911,1,9.33,0.2,9.3113,1
911,1,10.4,0.5,9.9712,1
911,1,7.79,0.8,5.6502,1
911,0,-2,1,-6.59,1
911,0,-0.03,0.8,-2.1698,1
911,0,1.28,0.5,0.85117,1
911,1,9.97,0.2,9.9513,1
911,1,9.62,0.5,9.1912,1
911,0,8.15,0.8,6.0102,1
911,1,7.82,0.2,7.8013,1
911,0,-0.2,1,-4.79,1
911,0,-0.8,0.8,-2.9398,1
911,1,0.6,0.2,0.58132,1
911,1,1.27,0.5,0.84117,1
911,1,9.25,0.2,9.2313,1
911,1,10.24,0.2,10.221,1
911,1,8.13,1,3.54,1
911,1,7.98,0.5,7.5512,1
911,1,7.25,0.2,7.2313,1
911,0,-1.35,0.8,-3.4898,1
911,0,-0.85,1,-5.44,1
911,0,0.52,0.2,0.50132,1
911,0,0.95,0.5,0.52117,1
911,1,10.75,1,6.16,1
911,1,10.15,0.8,8.0102,1
911,1,9.89,0.2,9.8713,1
911,0,7.4,1,2.81,1
911,1,7.19,0.2,7.1713,1
911,0,-0.22,0.8,-2.3598,1
911,0,-0.44,1,-5.03,1
911,1,1.69,0.2,1.6713,1
911,1,9.8,0.5,9.3712,1
911,1,10.1,0.5,9.6712,1
911,1,10.25,0.8,8.1102,1
911,1,8.15,0.2,8.1313,1
911,1,7.05,0.5,6.6212,1
911,0,-1.15,0.8,-3.2898,1
911,0,-1.3,1,-5.89,1
911,1,1.75,0.5,1.3212,1
911,0,0.89,0.2,0.87132,1
911,1,9.05,0.5,8.6212,1
911,1,9.97,0.2,9.9513,1
911,1,8.29,0.5,7.8612,1
911,1,7.96,0.8,5.8202,1
911,0,-1.55,1,-6.14,1
911,0,-0.52,0.8,-2.6598,1
911,0,0.92,0.2,0.90132,1
911,1,9.78,0.5,9.3512,1
911,1,10.16,0.8,8.0202,1
911,1,7.34,0.5,6.9112,1
911,1,8.08,1,3.49,1
911,0,-1.46,0.8,-3.5998,1
911,0,-0.01,0.5,-0.43883,1
911,0,0.92,0.5,0.49117,1
911,0,1.46,1,-3.13,1
911,0,0.85,0.5,0.42117,1
911,1,10.22,0.5,9.7912,1
911,1,9.48,0.2,9.4613,1
911,2,7.92,1,3.33,1
911,1,8.12,0.8,5.9802,1
911,0,-1.67,0.8,-3.8098,1
911,2,0.84,0.2,0.82132,1
911,1,1.74,0.5,1.3112,1
911,1,9.66,0.5,9.2312,1
911,1,9.99,0.2,9.9713,1
911,1,7.09,0.8,4.9502,1
911,1,8.12,1,3.53,1
911,0,-0.46,1,-5.05,1
911,1,0.62,0.8,-1.5198,1
911,0,0.84,0.5,0.41117,1
911,1,0.78,0.2,0.76132,1
911,1,9.95,0.2,9.9313,1
911,1,10.47,0.5,10.041,1
911,1,8.33,1,3.74,1
911,1,7.22,0.8,5.0802,1
911,0,7.55,1,2.96,1
911,0,-1.55,0.8,-3.6898,1
911,0,-0.37,1,-4.96,1
911,1,1.04,0.5,0.61117,1
911,1,9.99,0.2,9.9713,1
911,0,-0.27,1,-4.86,2
911,0,-0.4,0.8,-2.5398,2
911,2,1.2,0.5,0.77117,2
911,0,0.8,0.2,0.78132,2
911,1,10.37,0.5,9.9412,2
911,1,9.25,0.2,9.2313,2
911,1,7.17,0.5,6.7412,2
911,1,7.33,0.5,6.9012,2
911,0,-1.92,1,-6.51,2
911,1,-0.31,0.8,-2.4498,2
911,0,0.74,0.5,0.31117,2
911,1,1.14,0.2,1.1213,2
911,1,10.1,0.2,10.081,2
911,1,9.55,0.5,9.1212,2
911,1,7.88,0.8,5.7402,2
911,1,7.9,1,3.31,2
911,1,7.22,1,2.63,2
911,0,-1.51,1,-6.1,2
911,0,-0.24,0.8,-2.3798,2
911,1,0.83,0.5,0.40117,2
911,2,1.2,0.2,1.1813,2
911,1,1.49,0.2,1.4713,2
911,1,9.78,0.2,9.7613,2
911,1,10.99,0.5,10.561,2
911,1,7.43,1,2.84,2
911,0,-0.05,1,-4.64,2
911,0,-0.85,0.8,-2.9898,2
911,1,0.52,0.5,0.091165,2
911,1,1.65,0.2,1.6313,2
911,1,9.83,0.2,9.8113,2
911,1,10.34,0.5,9.9112,2
911,1,8.68,0.8,6.5402,2
911,1,7.97,0.8,5.8302,2
911,0,7.52,1,2.93,2
911,0,-0.89,1,-5.48,2
911,0,0.19,0.8,-1.9498,2
911,1,1.65,0.5,1.2212,2
911,1,1.62,0.2,1.6013,2
911,1,10.26,0.2,10.241,2
911,0,8.24,1,3.65,2
911,1,7.99,0.8,5.8502,2
911,0,-0.96,1,-5.55,2
911,0,0.63,0.5,0.20117,2
911,0,1.45,0.2,1.4313,2
911,1,10.55,0.2,10.531,2
911,1,10.22,0.5,9.7912,2
911,1,7.33,0.8,5.1902,2
911,0,7.47,0.8,5.3302,2
911,0,7.95,1,3.36,2
911,0,-1.22,1,-5.81,2
911,0,-0.16,0.8,-2.2998,2
911,0,0.62,0.8,-1.5198,2
911,1,1.51,0.2,1.4913,2
911,1,10.12,0.5,9.6912,2
911,1,9.99,0.2,9.9713,2
911,1,8.07,1,3.48,2
911,1,7.96,0.8,5.8202,2
911,0,-1.26,1,-5.85,2
911,0,0.84,0.5,0.41117,2
911,1,1.33,0.2,1.3113,2
911,1,9.24,0.2,9.2213,2
911,1,10.12,0.5,9.6912,2
911,1,7.48,0.8,5.3402,2
911,0,7.22,1,2.63,2
911,0,-1.15,1,-5.74,2
911,0,-0.54,0.8,-2.6798,2
911,0,0.92,0.5,0.49117,2
911,1,0.99,0.2,0.97132,2
911,1,1.54,0.2,1.5213,2
911,1,10.08,0.2,10.061,2
911,1,9.34,0.5,8.9112,2
911,1,7.78,0.8,5.6402,2
911,0,8.16,1,3.57,2
911,0,-1.08,1,-5.67,2
911,0,0.48,0.8,-1.6598,2
911,1,1.45,0.2,1.4313,2
911,1,10.13,0.2,10.111,2
911,1,10.4,0.5,9.9712,2
911,1,7.33,1,2.74,2
911,0,-1.95,1,-6.54,2
911,0,-1.77,1,-6.36,1
911,0,-0.08,0.8,-2.2198,1
911,1,1.43,0.5,1.0012,1
911,1,9.4,0.2,9.3813,1
911,1,9.38,0.5,8.9512,1
911,0,7.16,0.8,5.0202,1
911,0,-2,1,-6.59,1
911,0,-0.64,0.8,-2.7798,1
911,2,0.83,0.2,0.81132,1
911,1,1.75,0.5,1.3212,1
911,1,9.99,0.2,9.9713,1
911,1,9.61,0.5,9.1812,1
911,1,8.12,0.8,5.9802,1
911,1,7.99,1,3.4,1
911,0,-1.86,0.8,-3.9998,1
911,0,-0.12,0.8,-2.2598,1
911,0,0.45,0.5,0.021165,1
911,0,1.67,0.5,1.2412,1
911,2,0.99,0.2,0.97132,1
911,1,10.11,0.5,9.6812,1
911,1,9.75,0.2,9.7313,1
911,1,10.15,0.5,9.7212,1
911,1,9.89,0.2,9.8713,1
911,0,7.4,0.8,5.2602,1
911,1,8.19,1,3.6,1
911,0,-0.22,0.8,-2.3598,1
911,0,-0.44,1,-5.03,1
911,0,1.79,0.2,1.7713,1
911,1,9.8,0.5,9.3712,1
911,1,10.1,0.2,10.081,1
911,1,10.25,0.5,9.8212,1
911,1,8.15,1,3.56,1
911,1,7.05,0.8,4.9102,1
911,0,-1.15,0.8,-3.2898,1
911,0,-1.3,1,-5.89,1
911,0,0.75,0.5,0.32117,1
911,1,1.69,0.2,1.6713,1
911,1,9.97,0.5,9.5412,1
911,1,10.07,0.2,10.051,1
911,1,8.29,1,3.7,1
911,1,7.96,0.8,5.8202,1
911,0,-0.85,1,-5.44,1
911,0,0.52,0.8,-1.6198,1
911,1,1.73,0.5,1.3012,1
911,1,9.78,0.2,9.7613,1
911,1,10.16,0.5,9.7312,1
911,1,8.87,0.8,6.7302,1
911,0,-0.46,1,-5.05,1
911,0,0.62,0.8,-1.5198,1
911,0,0.84,0.5,0.41117,1
911,2,0.78,0.2,0.76132,1
911,1,10.25,0.2,10.231,1
911,1,9.24,0.2,9.2213,1
911,1,8.13,1,3.54,1
911,0,8.08,0.8,5.9402,1
911,0,7.25,0.8,5.1102,1
911,0,-1.67,0.8,-3.8098,1
911,0,0.84,0.5,0.41117,1
911,1,1.74,0.5,1.3112,1
911,1,9.66,0.5,9.2312,1
911,1,9.99,0.2,9.9713,1
911,1,7.09,0.8,4.9502,1
911,1,8.12,1,3.53,1
911,1,-1.55,1,-6.14,1
911,0,-0.52,0.8,-2.6598,1
911,0,0.92,0.2,0.90132,1
911,1,9.95,0.2,9.9313,1
911,1,10.47,0.5,10.041,1
911,1,8.33,1,3.74,1
911,1,7.22,0.8,5.0802,1
911,1,7.55,1,2.96,1
911,0,-1.55,0.8,-3.6898,1
911,0,-0.37,1,-4.96,1
911,0,1.04,0.5,0.61117,1
911,1,9.99,0.2,9.9713,1
911,0,9.24,0.5,8.8112,1
911,0,7.92,1,3.33,1
911,0,8.08,1,3.49,1
911,0,-1.06,1,-5.65,1
911,0,-0.35,0.8,-2.4898,1
911,1,9.47,0.2,9.4513,2
911,1,9.98,0.5,9.5512,2
911,1,7.19,0.5,6.7612,2
911,1,7.22,0.5,6.7912,2
911,0,-0.92,1,-5.51,2
911,0,-0.31,0.8,-2.4498,2
911,2,0.41,0.5,-0.018835,2
911,1,1.74,0.5,1.3112,2
911,1,1.14,0.2,1.1213,2
911,1,9.78,0.2,9.7613,2
911,1,9.99,0.5,9.5612,2
911,0,7.43,1,2.84,2
911,0,-1.51,1,-6.1,2
911,2,0.76,0.8,-1.3798,2
911,0,0.83,0.5,0.40117,2
911,1,1.2,0.5,0.77117,2
911,1,1.77,0.2,1.7513,2
911,1,10.1,0.2,10.081,2
911,1,9.55,0.5,9.1212,2
911,1,7.88,0.8,5.7402,2
911,0,8.9,1,4.31,2
911,1,7.22,0.8,5.0802,2
911,1,-0.37,1,-4.96,2
911,2,0.55,0.8,-1.5898,2
911,1,1.01,0.2,0.99132,2
911,1,9.34,0.2,9.3213,2
911,1,10.18,0.5,9.7512,2
911,1,8.16,0.8,6.0202,2
911,1,7.97,0.8,5.8302,2
911,0,-0.81,0.8,-2.9498,2
911,1,1.65,0.5,1.2212,2
911,0,1.94,0.2,1.9213,2
911,1,10.99,0.5,10.561,2
911,1,9.52,0.2,9.5013,2
911,1,8.26,1,3.67,2
911,1,8.24,0.8,6.1002,2
911,0,-0.05,1,-4.64,2
911,0,0.15,0.8,-1.9898,2
911,0,0.52,0.5,0.091165,2
911,1,1.65,0.2,1.6313,2
911,1,10.11,0.5,9.6812,2
911,1,9.57,0.2,9.5513,2
911,1,9.25,0.5,8.8212,2
911,1,7.86,0.8,5.7202,2
911,1,8.02,0.8,5.8802,2
911,1,7.62,1,3.03,2
911,0,-1.96,1,-6.55,2
911,2,0.63,0.5,0.20117,2
911,1,1.19,0.2,1.1713,2
911,1,9.21,0.2,9.1913,2
911,1,9.19,0.5,8.7612,2
911,1,7.86,1,3.27,2
911,0,7.66,0.8,5.5202,2
911,0,-0.22,1,-4.81,2
911,0,0.84,0.8,-1.2998,2
911,1,1.62,0.8,-0.51984,2
911,1,1.09,0.2,1.0713,2
911,1,10.24,0.2,10.221,2
911,1,9.67,0.5,9.2412,2
911,1,7.84,0.8,5.7002,2
911,1,8.05,1,3.46,2
911,0,-1.26,1,-5.85,2
911,0,-0.16,0.5,-0.58883,2
911,1,0.99,0.2,0.97132,2
911,1,1.27,0.2,1.2513,2
911,1,10.08,0.2,10.061,2
911,1,9.94,0.5,9.5112,2
911,1,7.26,0.8,5.1202,2
911,1,7.78,1,3.19,2
911,1,-1.15,1,-5.74,2
911,0,-0.54,0.8,-2.6798,2
911,2,0.92,0.5,0.49117,2
911,1,1.54,0.2,1.5213,2
911,0,9.92,0.2,9.9013,2
911,1,7.27,0.5,6.8412,2
911,1,7.55,1,2.96,2
911,0,-1.95,1,-6.54,2
911,0,-0.11,0.8,-2.2498,2
911,0,0.92,0.2,0.90132,2
911,1,1.74,0.5,1.3112,2
912,1,9.33,0.2,9.33,1
912,1,10.4,0.5,10.394,1
912,2,7.79,0.8,7.1896,1
912,0,-2,1,-7.3,1
912,0,-0.03,0.8,-0.63039,1
912,1,1.28,0.5,1.2739,1
912,1,9.97,0.2,9.97,1
912,1,9.62,0.5,9.6139,1
912,1,8.15,0.8,7.5496,1
912,1,7.82,0.2,7.82,1
912,0,-0.2,1,-5.5,1
912,0,-0.8,0.8,-1.4004,1
912,0,0.6,0.2,0.6,1
912,1,1.27,0.5,1.2639,1
912,1,9.25,0.2,9.25,1
912,1,10.24,0.2,10.24,1
912,1,8.13,1,2.83,1
912,1,7.98,0.5,7.9739,1
912,1,7.25,0.2,7.25,1
912,0,-1.35,0.8,-1.9504,1
912,0,-0.85,1,-6.15,1
912,0,0.52,0.2,0.52,1
912,0,0.95,0.5,0.94389,1
912,1,10.75,1,5.45,1
912,1,10.15,0.8,9.5496,1
912,1,9.89,0.2,9.89,1
912,1,7.4,1,2.1,1
912,1,7.19,0.2,7.19,1
912,0,-0.22,0.8,-0.82039,1
912,0,-0.44,1,-5.74,1
912,1,1.69,0.2,1.69,1
912,1,9.8,0.5,9.7939,1
912,1,10.1,0.5,10.094,1
912,1,10.25,0.8,9.6496,1
912,1,8.15,0.2,8.15,1
912,1,7.05,0.5,7.0439,1
912,0,-1.15,0.8,-1.7504,1
912,0,-1.3,1,-6.6,1
912,1,1.75,0.5,1.7439,1
912,0,0.89,0.2,0.89,1
912,1,9.05,0.5,9.0439,1
912,1,9.97,0.2,9.97,1
912,1,8.29,0.5,8.2839,1
912,1,7.96,0.8,7.3596,1
912,0,-1.55,1,-6.85,1
912,0,-0.52,0.8,-1.1204,1
912,0,0.92,0.2,0.92,1
912,1,9.78,0.5,9.7739,1
912,1,10.16,0.8,9.5596,1
912,1,7.34,0.5,7.3339,1
912,1,8.08,1,2.78,1
912,0,-1.46,0.8,-2.0604,1
912,0,-0.01,0.5,-0.016113,1
912,0,0.92,0.5,0.91389,1
912,0,1.46,1,-3.84,1
912,0,0.85,0.5,0.84389,1
912,1,10.22,0.5,10.214,1
912,1,9.48,0.2,9.48,1
912,1,7.92,1,2.62,1
912,1,8.12,0.8,7.5196,1
912,0,-1.67,0.8,-2.2704,1
912,0,0.84,0.2,0.84,1
912,1,1.74,0.5,1.7339,1
912,1,9.66,0.5,9.6539,1
912,1,9.99,0.2,9.99,1
912,1,7.09,0.8,6.4896,1
912,1,8.12,1,2.82,1
912,0,-0.46,1,-5.76,1
912,0,0.62,0.8,0.019609,1
912,0,0.84,0.5,0.83389,1
912,0,0.78,0.2,0.78,1
912,1,9.95,0.2,9.95,1
912,1,10.47,0.5,10.464,1
912,1,8.33,1,3.03,1
912,1,7.22,0.8,6.6196,1
912,1,7.55,1,2.25,1
912,0,-1.55,0.8,-2.1504,1
912,0,-0.37,1,-5.67,1
912,0,1.04,0.5,1.0339,1
912,1,9.99,0.2,9.99,1
912,0,-0.27,1,-5.57,2
912,0,-0.4,0.8,-1.0004,2
912,0,1.2,0.5,1.1939,2
912,0,0.8,0.2,0.8,2
912,1,10.37,0.5,10.364,2
912,1,9.25,0.2,9.25,2
912,1,7.17,0.5,7.1639,2
912,1,7.33,0.5,7.3239,2
912,0,-1.92,1,-7.22,2
912,0,-0.31,0.8,-0.91039,2
912,0,0.74,0.5,0.73389,2
912,1,1.14,0.2,1.14,2
912,1,10.1,0.2,10.1,2
912,1,9.55,0.5,9.5439,2
912,1,7.88,0.8,7.2796,2
912,1,7.9,1,2.6,2
912,1,7.22,1,1.92,2
912,0,-1.51,1,-6.81,2
912,0,-0.24,0.8,-0.84039,2
912,0,0.83,0.5,0.82389,2
912,1,1.2,0.2,1.2,2
912,1,1.49,0.2,1.49,2
912,1,9.78,0.2,9.78,2
912,1,10.99,0.5,10.984,2
912,1,7.43,1,2.13,2
912,1,-0.05,1,-5.35,2
912,0,-0.85,0.8,-1.4504,2
912,0,0.52,0.5,0.51389,2
912,1,1.65,0.2,1.65,2
912,1,9.83,0.2,9.83,2
912,1,10.34,0.5,10.334,2
912,1,8.68,0.8,8.0796,2
912,1,7.97,0.8,7.3696,2
912,1,7.52,1,2.22,2
912,0,-0.89,1,-6.19,2
912,0,0.19,0.8,-0.41039,2
912,1,1.65,0.5,1.6439,2
912,1,1.62,0.2,1.62,2
912,1,10.26,0.2,10.26,2
912,1,8.24,1,2.94,2
912,1,7.99,0.8,7.3896,2
912,1,-0.96,1,-6.26,2
912,0,0.63,0.5,0.62389,2
912,1,1.45,0.2,1.45,2
912,1,10.55,0.2,10.55,2
912,1,10.22,0.5,10.214,2
912,1,7.33,0.8,6.7296,2
912,1,7.47,0.8,6.8696,2
912,1,7.95,1,2.65,2
912,0,-1.22,1,-6.52,2
912,0,-0.16,0.8,-0.76039,2
912,0,0.62,0.8,0.019609,2
912,1,1.51,0.2,1.51,2
912,1,10.12,0.5,10.114,2
912,1,9.99,0.2,9.99,2
912,1,8.07,1,2.77,2
912,1,7.96,0.8,7.3596,2
912,0,-1.26,1,-6.56,2
912,0,0.84,0.5,0.83389,2
912,1,1.33,0.2,1.33,2
912,1,9.24,0.2,9.24,2
912,1,10.12,0.5,10.114,2
912,1,7.48,0.8,6.8796,2
912,1,7.22,1,1.92,2
912,0,-1.15,1,-6.45,2
912,0,-0.54,0.8,-1.1404,2
912,0,0.92,0.5,0.91389,2
912,0,0.99,0.2,0.99,2
912,1,1.54,0.2,1.54,2
912,1,10.08,0.2,10.08,2
912,1,9.34,0.5,9.3339,2
912,1,7.78,0.8,7.1796,2
912,1,8.16,1,2.86,2
912,0,-1.08,1,-6.38,2
912,0,0.48,0.8,-0.12039,2
912,1,1.45,0.2,1.45,2
912,1,10.13,0.2,10.13,2
912,1,10.4,0.5,10.394,2
912,1,7.33,1,2.03,2
912,0,-1.95,1,-7.25,2
912,0,-1.77,1,-7.07,1
912,0,-0.08,0.8,-0.68039,1
912,1,1.43,0.5,1.4239,1
912,1,9.4,0.2,9.4,1
912,1,9.38,0.5,9.3739,1
912,1,7.16,0.8,6.5596,1
912,0,-2,1,-7.3,1
912,0,-0.64,0.8,-1.2404,1
912,0,0.83,0.2,0.83,1
912,1,1.75,0.5,1.7439,1
912,1,9.99,0.2,9.99,1
912,1,9.61,0.5,9.6039,1
912,1,8.12,0.8,7.5196,1
912,1,7.99,1,2.69,1
912,0,-1.86,0.8,-2.4604,1
912,0,-0.12,0.8,-0.72039,1
912,0,0.45,0.5,0.44389,1
912,1,1.67,0.5,1.6639,1
912,0,0.99,0.2,0.99,1
912,1,10.11,0.5,10.104,1
912,1,9.75,0.2,9.75,1
912,1,10.15,0.5,10.144,1
912,1,9.89,0.2,9.89,1
912,1,7.4,0.8,6.7996,1
912,1,8.19,1,2.89,1
912,0,-0.22,0.8,-0.82039,1
912,0,-0.44,1,-5.74,1
912,1,1.79,0.2,1.79,1
912,1,9.8,0.5,9.7939,1
912,1,10.1,0.2,10.1,1
912,1,10.25,0.5,10.244,1
912,1,8.15,1,2.85,1
912,1,7.05,0.8,6.4496,1
912,0,-1.15,0.8,-1.7504,1
912,0,-1.3,1,-6.6,1
912,0,0.75,0.5,0.74389,1
912,1,1.69,0.2,1.69,1
912,1,9.97,0.5,9.9639,1
912,1,10.07,0.2,10.07,1
912,1,8.29,1,2.99,1
912,1,7.96,0.8,7.3596,1
912,0,-0.85,1,-6.15,1
912,0,0.52,0.8,-0.080391,1
912,1,1.73,0.5,1.7239,1
912,1,9.78,0.2,9.78,1
912,1,10.16,0.5,10.154,1
912,1,8.87,0.8,8.2696,1
912,0,-0.46,1,-5.76,1
912,0,0.62,0.8,0.019609,1
912,0,0.84,0.5,0.83389,1
912,0,0.78,0.2,0.78,1
912,1,10.25,0.2,10.25,1
912,1,9.24,0.2,9.24,1
912,1,8.13,1,2.83,1
912,1,8.08,0.8,7.4796,1
912,1,7.25,0.8,6.6496,1
912,0,-1.67,0.8,-2.2704,1
912,0,0.84,0.5,0.83389,1
912,1,1.74,0.5,1.7339,1
912,1,9.66,0.5,9.6539,1
912,1,9.99,0.2,9.99,1
912,1,7.09,0.8,6.4896,1
912,1,8.12,1,2.82,1
912,0,-1.55,1,-6.85,1
912,0,-0.52,0.8,-1.1204,1
912,1,0.92,0.2,0.92,1
912,1,9.95,0.2,9.95,1
912,1,10.47,0.5,10.464,1
912,1,8.33,1,3.03,1
912,1,7.22,0.8,6.6196,1
912,1,7.55,1,2.25,1
912,0,-1.55,0.8,-2.1504,1
912,0,-0.37,1,-5.67,1
912,1,1.04,0.5,1.0339,1
912,1,9.99,0.2,9.99,1
912,1,9.24,0.5,9.2339,1
912,1,7.92,1,2.62,1
912,1,8.08,1,2.78,1
912,0,-1.06,1,-6.36,1
912,0,-0.35,0.8,-0.95039,1
912,1,9.47,0.2,9.47,2
912,1,9.98,0.5,9.9739,2
912,1,7.19,0.5,7.1839,2
912,1,7.22,0.5,7.2139,2
912,0,-0.92,1,-6.22,2
912,0,-0.31,0.8,-0.91039,2
912,0,0.41,0.5,0.40389,2
912,1,1.74,0.5,1.7339,2
912,1,1.14,0.2,1.14,2
912,1,9.78,0.2,9.78,2
912,1,9.99,0.5,9.9839,2
912,1,7.43,1,2.13,2
912,0,-1.51,1,-6.81,2
912,0,0.76,0.8,0.15961,2
912,0,0.83,0.5,0.82389,2
912,1,1.2,0.5,1.1939,2
912,1,1.77,0.2,1.77,2
912,1,10.1,0.2,10.1,2
912,1,9.55,0.5,9.5439,2
912,1,7.88,0.8,7.2796,2
912,1,8.9,1,3.6,2
912,1,7.22,0.8,6.6196,2
912,0,-0.37,1,-5.67,2
912,0,0.55,0.8,-0.050391,2
912,1,1.01,0.2,1.01,2
912,1,9.34,0.2,9.34,2
912,1,10.18,0.5,10.174,2
912,1,8.16,0.8,7.5596,2
912,1,7.97,0.8,7.3696,2
912,0,-0.81,0.8,-1.4104,2
912,1,1.65,0.5,1.6439,2
912,1,1.94,0.2,1.94,2
912,1,10.99,0.5,10.984,2
912,1,9.52,0.2,9.52,2
912,1,8.26,1,2.96,2
912,1,8.24,0.8,7.6396,2
912,0,-0.05,1,-5.35,2
912,0,0.15,0.8,-0.45039,2
912,0,0.52,0.5,0.51389,2
912,1,1.65,0.2,1.65,2
912,1,10.11,0.5,10.104,2
912,1,9.57,0.2,9.57,2
912,1,9.25,0.5,9.2439,2
912,1,7.86,0.8,7.2596,2
912,1,8.02,0.8,7.4196,2
912,1,7.62,1,2.32,2
912,0,-1.96,1,-7.26,2
912,0,0.63,0.5,0.62389,2
912,0,1.19,0.2,1.19,2
912,1,9.21,0.2,9.21,2
912,1,9.19,0.5,9.1839,2
912,1,7.86,1,2.56,2
912,1,7.66,0.8,7.0596,2
912,0,-0.22,1,-5.52,2
912,0,0.84,0.8,0.23961,2
912,1,1.62,0.8,1.0196,2
912,1,1.09,0.2,1.09,2
912,1,10.24,0.2,10.24,2
912,1,9.67,0.5,9.6639,2
912,1,7.84,0.8,7.2396,2
912,1,8.05,1,2.75,2
912,0,-1.26,1,-6.56,2
912,0,-0.16,0.5,-0.16611,2
912,0,0.99,0.2,0.99,2
912,1,1.27,0.2,1.27,2
912,1,10.08,0.2,10.08,2
912,1,9.94,0.5,9.9339,2
912,1,7.26,0.8,6.6596,2
912,1,7.78,1,2.48,2
912,0,-1.15,1,-6.45,2
912,0,-0.54,0.8,-1.1404,2
912,0,0.92,0.5,0.91389,2
912,1,1.54,0.2,1.54,2
912,1,9.92,0.2,9.92,2
912,1,7.27,0.5,7.2639,2
912,1,7.55,1,2.25,2
912,0,-1.95,1,-7.25,2
912,0,-0.11,0.8,-0.71039,2
912,0,0.92,0.2,0.92,2
912,1,1.74,0.5,1.7339,2
913,1,9.33,0.2,9.3284,2
913,1,10.4,0.5,10.211,2
913,1,7.79,0.8,5.6183,2
913,0,-2,1,-8.93,2
913,0,-0.03,0.8,-2.2017,2
913,1,1.28,0.5,1.0915,2
913,1,9.97,0.2,9.9684,2
913,1,9.62,0.5,9.4315,2
913,1,8.15,0.8,5.9783,2
913,1,7.82,0.2,7.8184,2
913,0,-0.2,1,-7.13,2
913,0,-0.8,0.8,-2.9717,2
913,0,0.6,0.2,0.59839,2
913,1,1.27,0.5,1.0815,2
913,1,9.25,0.2,9.2484,2
913,1,10.24,0.2,10.238,2
913,1,8.13,1,1.2,2
913,1,7.98,0.5,7.7915,2
913,1,7.25,0.2,7.2484,2
913,0,-1.35,0.8,-3.5217,2
913,0,-0.85,1,-7.78,2
913,0,0.52,0.2,0.51839,2
913,0,0.95,0.5,0.76147,2
913,1,10.75,1,3.82,2
913,1,10.15,0.8,7.9783,2
913,1,9.89,0.2,9.8884,2
913,1,7.4,1,0.47,2
913,1,7.19,0.2,7.1884,2
913,0,-0.22,0.8,-2.3917,2
913,0,-0.44,1,-7.37,2
913,1,1.69,0.2,1.6884,2
913,1,9.8,0.5,9.6115,2
913,1,10.1,0.5,9.9115,2
913,1,10.25,0.8,8.0783,2
913,1,8.15,0.2,8.1484,2
913,1,7.05,0.5,6.8615,2
913,0,-1.15,0.8,-3.3217,2
913,0,-1.3,1,-8.23,2
913,1,1.75,0.5,1.5615,2
913,0,0.89,0.2,0.88839,2
913,1,9.05,0.5,8.8615,2
913,1,9.97,0.2,9.9684,2
913,1,8.29,0.5,8.1015,2
913,1,7.96,0.8,5.7883,2
913,0,-1.55,1,-8.48,2
913,0,-0.52,0.8,-2.6917,2
913,0,0.92,0.2,0.91839,2
913,1,9.78,0.5,9.5915,2
913,1,10.16,0.8,7.9883,2
913,1,7.34,0.5,7.1515,2
913,1,8.08,1,1.15,2
913,0,-1.46,0.8,-3.6317,2
913,0,-0.01,0.5,-0.19853,2
913,0,0.92,0.5,0.73147,2
913,0,1.46,1,-5.47,2
913,0,0.85,0.5,0.66147,2
913,1,10.22,0.5,10.031,2
913,1,9.48,0.2,9.4784,2
913,1,7.92,1,0.99,2
913,1,8.12,0.8,5.9483,2
913,0,-1.67,0.8,-3.8417,2
913,0,0.84,0.2,0.83839,2
913,1,1.74,0.5,1.5515,2
913,1,9.66,0.5,9.4715,2
913,1,9.99,0.2,9.9884,2
913,1,7.09,0.8,4.9183,2
913,1,8.12,1,1.19,2
913,0,-0.46,1,-7.39,2
913,0,0.62,0.8,-1.5517,2
913,0,0.84,0.5,0.65147,2
913,0,0.78,0.2,0.77839,2
913,1,9.95,0.2,9.9484,2
913,1,10.47,0.5,10.281,2
913,1,8.33,1,1.4,2
913,1,7.22,0.8,5.0483,2
913,1,7.55,1,0.62,2
913,0,-1.55,0.8,-3.7217,2
913,0,-0.37,1,-7.3,2
913,1,1.04,0.5,0.85147,2
913,1,9.99,0.2,9.9884,2
913,0,-0.27,1,-7.2,1
913,0,-0.4,0.8,-2.5717,1
913,1,1.2,0.5,1.0115,1
913,0,0.8,0.2,0.79839,1
913,1,10.37,0.5,10.181,1
913,1,9.25,0.2,9.2484,1
913,1,7.17,0.5,6.9815,1
913,1,7.33,0.5,7.1415,1
913,0,-1.92,1,-8.85,1
913,0,-0.31,0.8,-2.4817,1
913,0,0.74,0.5,0.55147,1
913,1,1.14,0.2,1.1384,1
913,1,10.1,0.2,10.098,1
913,1,9.55,0.5,9.3615,1
913,1,7.88,0.8,5.7083,1
913,1,7.9,1,0.97,1
913,1,7.22,1,0.29,1
913,0,-1.51,1,-8.44,1
913,0,-0.24,0.8,-2.4117,1
913,0,0.83,0.5,0.64147,1
913,1,1.2,0.2,1.1984,1
913,1,1.49,0.2,1.4884,1
913,1,9.78,0.2,9.7784,1
913,1,10.99,0.5,10.801,1
913,1,7.43,1,0.5,1
913,0,-0.05,1,-6.98,1
913,0,-0.85,0.8,-3.0217,1
913,0,0.52,0.5,0.33147,1
913,1,1.65,0.2,1.6484,1
913,1,9.83,0.2,9.8284,1
913,1,10.34,0.5,10.151,1
913,1,8.68,0.8,6.5083,1
913,1,7.97,0.8,5.7983,1
913,1,7.52,1,0.59,1
913,0,-0.89,1,-7.82,1
913,0,0.19,0.8,-1.9817,1
913,1,1.65,0.5,1.4615,1
913,1,1.62,0.2,1.6184,1
913,1,10.26,0.2,10.258,1
913,1,8.24,1,1.31,1
913,1,7.99,0.8,5.8183,1
913,0,-0.96,1,-7.89,1
913,0,0.63,0.5,0.44147,1
913,1,1.45,0.2,1.4484,1
913,1,10.55,0.2,10.548,1
913,1,10.22,0.5,10.031,1
913,1,7.33,0.8,5.1583,1
913,1,7.47,0.8,5.2983,1
913,1,7.95,1,1.02,1
913,0,-1.22,1,-8.15,1
913,0,-0.16,0.8,-2.3317,1
913,0,0.62,0.8,-1.5517,1
913,1,1.51,0.2,1.5084,1
913,1,10.12,0.5,9.9315,1
913,1,9.99,0.2,9.9884,1
913,1,8.07,1,1.14,1
913,1,7.96,0.8,5.7883,1
913,0,-1.26,1,-8.19,1
913,0,0.84,0.5,0.65147,1
913,1,1.33,0.2,1.3284,1
913,1,9.24,0.2,9.2384,1
913,1,10.12,0.5,9.9315,1
913,1,7.48,0.8,5.3083,1
913,1,7.22,1,0.29,1
913,0,-1.15,1,-8.08,1
913,0,-0.54,0.8,-2.7117,1
913,0,0.92,0.5,0.73147,1
913,0,0.99,0.2,0.98839,1
913,0,1.54,0.2,1.5384,1
913,1,10.08,0.2,10.078,1
913,1,9.34,0.5,9.1515,1
913,1,7.78,0.8,5.6083,1
913,1,8.16,1,1.23,1
913,0,-1.08,1,-8.01,1
913,0,0.48,0.8,-1.6917,1
913,1,1.45,0.2,1.4484,1
913,1,10.13,0.2,10.128,1
913,1,10.4,0.5,10.211,1
913,1,7.33,1,0.4,1
913,0,-1.95,1,-8.88,1
913,0,-1.77,1,-8.7,2
913,0,-0.08,0.8,-2.2517,2
913,1,1.43,0.5,1.2415,2
913,1,9.4,0.2,9.3984,2
913,1,9.38,0.5,9.1915,2
913,1,7.16,0.8,4.9883,2
913,0,-2,1,-8.93,2
913,0,-0.64,0.8,-2.8117,2
913,0,0.83,0.2,0.82839,2
913,1,1.75,0.5,1.5615,2
913,1,9.99,0.2,9.9884,2
913,1,9.61,0.5,9.4215,2
913,1,8.12,0.8,5.9483,2
913,1,7.99,1,1.06,2
913,0,-1.86,0.8,-4.0317,2
913,0,-0.12,0.8,-2.2917,2
913,0,0.45,0.5,0.26147,2
913,1,1.67,0.5,1.4815,2
913,0,0.99,0.2,0.98839,2
913,1,10.11,0.5,9.9215,2
913,1,9.75,0.2,9.7484,2
913,1,10.15,0.5,9.9615,2
913,1,9.89,0.2,9.8884,2
913,1,7.4,0.8,5.2283,2
913,1,8.19,1,1.26,2
913,0,-0.22,0.8,-2.3917,2
913,0,-0.44,1,-7.37,2
913,1,1.79,0.2,1.7884,2
913,1,9.8,0.5,9.6115,2
913,1,10.1,0.2,10.098,2
913,1,10.25,0.5,10.061,2
913,1,8.15,1,1.22,2
913,1,7.05,0.8,4.8783,2
913,0,-1.15,0.8,-3.3217,2
913,0,-1.3,1,-8.23,2
913,0,0.75,0.5,0.56147,2
913,1,1.69,0.2,1.6884,2
913,1,9.97,0.5,9.7815,2
913,1,10.07,0.2,10.068,2
913,1,8.29,1,1.36,2
913,1,7.96,0.8,5.7883,2
913,0,-0.85,1,-7.78,2
913,0,0.52,0.8,-1.6517,2
913,1,1.73,0.5,1.5415,2
913,1,9.78,0.2,9.7784,2
913,1,10.16,0.5,9.9715,2
913,1,8.87,0.8,6.6983,2
913,0,-0.46,1,-7.39,2
913,0,0.62,0.8,-1.5517,2
913,0,0.84,0.5,0.65147,2
913,0,0.78,0.2,0.77839,2
913,1,10.25,0.2,10.248,2
913,1,9.24,0.2,9.2384,2
913,1,8.13,1,1.2,2
913,1,8.08,0.8,5.9083,2
913,1,7.25,0.8,5.0783,2
913,0,-1.67,0.8,-3.8417,2
913,0,0.84,0.5,0.65147,2
913,1,1.74,0.5,1.5515,2
913,1,9.66,0.5,9.4715,2
913,1,9.99,0.2,9.9884,2
913,1,7.09,0.8,4.9183,2
913,1,8.12,1,1.19,2
913,0,-1.55,1,-8.48,2
913,0,-0.52,0.8,-2.6917,2
913,0,0.92,0.2,0.91839,2
913,1,9.95,0.2,9.9484,2
913,1,10.47,0.5,10.281,2
913,1,8.33,1,1.4,2
913,1,7.22,0.8,5.0483,2
913,0,7.55,1,0.62,2
913,0,-1.55,0.8,-3.7217,2
913,0,-0.37,1,-7.3,2
913,1,1.04,0.5,0.85147,2
913,1,9.99,0.2,9.9884,2
913,1,9.24,0.5,9.0515,2
913,1,7.92,1,0.99,2
913,1,8.08,1,1.15,2
913,0,-1.06,1,-7.99,2
913,0,-0.35,0.8,-2.5217,2
913,1,9.47,0.2,9.4684,1
913,1,9.98,0.5,9.7915,1
913,1,7.19,0.5,7.0015,1
913,1,7.22,0.5,7.0315,1
913,0,-0.92,1,-7.85,1
913,0,-0.31,0.8,-2.4817,1
913,0,0.41,0.5,0.22147,1
913,1,1.74,0.5,1.5515,1
913,1,1.14,0.2,1.1384,1
913,1,9.78,0.2,9.7784,1
913,1,9.99,0.5,9.8015,1
913,1,7.43,1,0.5,1
913,0,-1.51,1,-8.44,1
913,0,0.76,0.8,-1.4117,1
913,0,0.83,0.5,0.64147,1
913,1,1.2,0.5,1.0115,1
913,1,1.77,0.2,1.7684,1
913,1,10.1,0.2,10.098,1
913,1,9.55,0.5,9.3615,1
913,1,7.88,0.8,5.7083,1
913,1,8.9,1,1.97,1
913,1,7.22,0.8,5.0483,1
913,0,-0.37,1,-7.3,1
913,0,0.55,0.8,-1.6217,1
913,1,1.01,0.2,1.0084,1
913,1,9.34,0.2,9.3384,1
913,1,10.18,0.5,9.9915,1
913,1,8.16,0.8,5.9883,1
913,1,7.97,0.8,5.7983,1
913,0,-0.81,0.8,-2.9817,1
913,1,1.65,0.5,1.4615,1
913,1,1.94,0.2,1.9384,1
913,1,10.99,0.5,10.801,1
913,1,9.52,0.2,9.5184,1
913,1,8.26,1,1.33,1
913,1,8.24,0.8,6.0683,1
913,0,-0.05,1,-6.98,1
913,0,0.15,0.8,-2.0217,1
913,0,0.52,0.5,0.33147,1
913,1,1.65,0.2,1.6484,1
913,1,10.11,0.5,9.9215,1
913,1,9.57,0.2,9.5684,1
913,1,9.25,0.5,9.0615,1
913,1,7.86,0.8,5.6883,1
913,1,8.02,0.8,5.8483,1
913,0,7.62,1,0.69,1
913,0,-1.96,1,-8.89,1
913,0,0.63,0.5,0.44147,1
913,1,1.19,0.2,1.1884,1
913,1,9.21,0.2,9.2084,1
913,1,9.19,0.5,9.0015,1
913,0,7.86,1,0.93,1
913,1,7.66,0.8,5.4883,1
913,0,-0.22,1,-7.15,1
913,0,0.84,0.8,-1.3317,1
913,1,1.62,0.8,-0.55171,1
913,1,1.09,0.2,1.0884,1
913,1,10.24,0.2,10.238,1
913,1,9.67,0.5,9.4815,1
913,1,7.84,0.8,5.6683,1
913,1,8.05,1,1.12,1
913,0,-1.26,1,-8.19,1
913,0,-0.16,0.5,-0.34853,1
913,0,0.99,0.2,0.98839,1
913,1,1.27,0.2,1.2684,1
913,1,10.08,0.2,10.078,1
913,1,9.94,0.5,9.7515,1
913,1,7.26,0.8,5.0883,1
913,0,7.78,1,0.85,1
913,0,-1.15,1,-8.08,1
913,0,-0.54,0.8,-2.7117,1
913,0,0.92,0.5,0.73147,1
913,1,1.54,0.2,1.5384,1
913,1,9.92,0.2,9.9184,1
913,1,7.27,0.5,7.0815,1
913,0,7.55,1,0.62,1
913,0,-1.95,1,-8.88,1
913,0,-0.11,0.8,-2.2817,1
913,0,0.92,0.2,0.91839,1
913,1,1.74,0.5,1.5515,1
