902,1,9.33,0.2,8.371,2
902,1,10.4,0.5,8.904,2
902,1,7.79,0.8,0.76,2
902,0,-2,1,-12,2
902,0,-0.03,0.8,-7.06,2
902,0,1.28,0.5,-0.216,2
902,1,9.97,0.2,9.011,2
902,0,9.62,0.5,8.124,2
902,1,8.15,0.8,1.12,2
902,1,7.82,0.2,6.861,2
902,0,-0.2,1,-10.2,2
902,0,-0.8,0.8,-7.83,2
902,0,0.6,0.2,-0.359,2
902,0,1.27,0.5,-0.226,2
902,1,9.25,0.2,8.291,2
902,1,10.24,0.2,9.281,2
902,0,8.13,1,-1.87,2
902,1,7.98,0.5,6.484,2
902,1,7.25,0.2,6.291,2
902,0,-1.35,0.8,-8.38,2
902,0,-0.85,1,-10.85,2
902,0,0.52,0.2,-0.439,2
902,0,0.95,0.5,-0.546,2
902,0,10.75,1,0.75,2
902,1,10.15,0.8,3.12,2
902,1,9.89,0.2,8.931,2
902,1,7.4,1,-2.6,2
902,1,7.19,0.2,6.231,2
902,0,-0.22,0.8,-7.25,2
902,0,-0.44,1,-10.44,2
902,1,1.69,0.2,0.731,2
902,1,9.8,0.5,8.304,2
902,1,10.1,0.5,8.604,2
902,1,10.25,0.8,3.22,2
902,1,8.15,0.2,7.191,2
902,1,7.05,0.5,5.554,2
902,0,-1.15,0.8,-8.18,2
902,0,-1.3,1,-11.3,2
902,1,1.75,0.5,0.254,2
902,0,0.89,0.2,-0.069,2
902,1,9.05,0.5,7.554,2
902,1,9.97,0.2,9.011,2
902,1,8.29,0.5,6.794,2
902,1,7.96,0.8,0.93,2
902,0,-1.55,1,-11.55,2
902,0,-0.52,0.8,-7.55,2
902,1,0.92,0.2,-0.039,2
902,1,9.78,0.5,8.284,2
902,1,10.16,0.8,3.13,2
902,1,7.34,0.5,5.844,2
902,0,8.08,1,-1.92,2
902,0,-1.46,0.8,-8.49,2
902,0,-0.01,0.5,-1.506,2
902,0,0.92,0.5,-0.576,2
902,0,1.46,1,-8.54,2
902,0,0.85,0.5,-0.646,2
902,1,10.22,0.5,8.724,2
902,1,9.48,0.2,8.521,2
902,0,7.92,1,-2.08,2
902,1,8.12,0.8,1.09,2
902,0,-1.67,0.8,-8.7,2
902,0,0.84,0.2,-0.119,2
902,1,1.74,0.5,0.244,2
902,1,9.66,0.5,8.164,2
902,1,9.99,0.2,9.031,2
902,1,7.09,0.8,0.06,2
902,0,8.12,1,-1.88,2
902,0,-0.46,1,-10.46,2
902,0,0.62,0.8,-6.41,2
902,0,0.84,0.5,-0.656,2
902,0,0.78,0.2,-0.179,2
902,1,9.95,0.2,8.991,2
902,1,10.47,0.5,8.974,2
902,0,8.33,1,-1.67,2
902,0,7.22,0.8,0.19,2
902,0,7.55,1,-2.45,2
902,0,-1.55,0.8,-8.58,2
902,0,-0.37,1,-10.37,2
902,0,1.04,0.5,-0.456,2
902,0,9.99,0.2,9.031,2
902,0,-0.27,1,-10.27,2
902,0,-0.4,0.8,-10.4,2
902,0,1.2,0.5,-8.8,2
902,0,0.8,0.2,-0.241,2
902,1,10.37,0.5,0.37,2
902,1,9.25,0.2,8.209,2
902,1,7.17,0.5,-2.83,2
902,1,7.33,0.5,-2.67,2
902,0,-1.92,1,-11.92,2
902,0,-0.31,0.8,-10.31,2
902,0,0.74,0.5,-9.26,2
902,1,1.14,0.2,0.099,2
902,1,10.1,0.2,9.059,2
902,1,9.55,0.5,-0.45,2
902,0,7.88,0.8,-2.12,2
902,0,7.9,1,-2.1,2
902,0,7.22,1,-2.78,2
902,0,-1.51,1,-11.51,2
902,1,-0.24,0.8,-10.24,2
902,0,0.83,0.5,-9.17,2
902,1,1.2,0.2,0.159,2
902,1,1.49,0.2,0.449,2
902,1,9.78,0.2,8.739,2
902,1,10.99,0.5,0.99,2
902,1,7.43,1,-2.57,2
902,0,-0.05,1,-10.05,2
902,0,-0.85,0.8,-10.85,2
902,0,0.52,0.5,-9.48,2
902,0,1.65,0.2,0.609,2
902,1,9.83,0.2,8.789,2
902,1,10.34,0.5,0.34,2
902,1,8.68,0.8,-1.32,2
902,1,7.97,0.8,-2.03,2
902,0,7.52,1,-2.48,2
902,0,-0.89,1,-10.89,2
902,0,0.19,0.8,-9.81,2
902,0,1.65,0.5,-8.35,2
902,1,1.62,0.2,0.579,2
902,1,10.26,0.2,9.219,2
902,0,8.24,1,-1.76,2
902,1,7.99,0.8,-2.01,2
902,0,-0.96,1,-10.96,2
902,0,0.63,0.5,-9.37,2
902,1,1.45,0.2,0.409,2
902,1,10.55,0.2,9.509,2
902,1,10.22,0.5,0.22,2
902,1,7.33,0.8,-2.67,2
902,0,7.47,0.8,-2.53,2
902,0,7.95,1,-2.05,2
902,0,-1.22,1,-11.22,2
902,0,-0.16,0.8,-10.16,2
902,0,0.62,0.8,-9.38,2
902,1,1.51,0.2,0.469,2
902,1,10.12,0.5,0.12,2
902,1,9.99,0.2,8.949,2
902,0,8.07,1,-1.93,2
902,1,7.96,0.8,-2.04,2
902,0,-1.26,1,-11.26,2
902,0,0.84,0.5,-9.16,2
902,1,1.33,0.2,0.289,2
902,1,9.24,0.2,8.199,2
902,1,10.12,0.5,0.12,2
902,1,7.48,0.8,-2.52,2
902,0,7.22,1,-2.78,2
902,0,-1.15,1,-11.15,2
902,0,-0.54,0.8,-10.54,2
902,0,0.92,0.5,-9.08,2
902,0,0.99,0.2,-0.051,2
902,1,1.54,0.2,0.499,2
902,1,10.08,0.2,9.039,2
902,1,9.34,0.5,-0.66,2
902,1,7.78,0.8,-2.22,2
902,0,8.16,1,-1.84,2
902,0,-1.08,1,-11.08,2
902,0,0.48,0.8,-9.52,2
902,1,1.45,0.2,0.409,2
902,1,10.13,0.2,9.089,2
902,1,10.4,0.5,0.4,2
902,1,7.33,1,-2.67,2
902,0,-1.95,1,-11.95,2
902,0,-1.77,1,-11.77,1
902,0,-0.08,0.8,-3.439,1
902,1,1.43,0.5,0.204,1
902,1,9.4,0.2,7.607,1
902,0,9.38,0.5,8.154,1
902,1,7.16,0.8,3.801,1
902,0,-2,1,-12,1
902,0,-0.64,0.8,-3.999,1
902,0,0.83,0.2,-0.963,1
902,1,1.75,0.5,0.524,1
902,1,9.99,0.2,8.197,1
902,1,9.61,0.5,8.384,1
902,1,8.12,0.8,4.761,1
902,1,7.99,1,-2.01,1
902,0,-1.86,0.8,-5.219,1
902,0,-0.12,0.8,-3.479,1
902,0,0.45,0.5,-0.776,1
902,0,1.67,0.5,0.444,1
902,0,0.99,0.2,-0.803,1
902,1,10.11,0.5,8.884,1
902,1,9.75,0.2,7.957,1
902,1,10.15,0.5,8.924,1
902,1,9.89,0.2,8.097,1
902,1,7.4,0.8,4.041,1
902,0,8.19,1,-1.81,1
902,0,-0.22,0.8,-3.579,1
902,0,-0.44,1,-10.44,1
902,0,1.79,0.2,-0.003,1
902,1,9.8,0.5,8.574,1
902,1,10.1,0.2,8.307,1
902,1,10.25,0.5,9.024,1
902,1,8.15,1,-1.85,1
902,1,7.05,0.8,3.691,1
902,0,-1.15,0.8,-4.509,1
902,0,-1.3,1,-11.3,1
902,0,0.75,0.5,-0.476,1
902,1,1.69,0.2,-0.103,1
902,1,9.97,0.5,8.744,1
902,1,10.07,0.2,8.277,1
902,0,8.29,1,-1.71,1
902,1,7.96,0.8,4.601,1
902,0,-0.85,1,-10.85,1
902,0,0.52,0.8,-2.839,1
902,1,1.73,0.5,0.504,1
902,1,9.78,0.2,7.987,1
902,1,10.16,0.5,8.934,1
902,1,8.87,0.8,5.511,1
902,0,-0.46,1,-10.46,1
902,0,0.62,0.8,-2.739,1
902,0,0.84,0.5,-0.386,1
902,0,0.78,0.2,-1.013,1
902,1,10.25,0.2,8.457,1
902,1,9.24,0.2,7.447,1
902,1,8.13,1,-1.87,1
902,1,8.08,0.8,4.721,1
902,1,7.25,0.8,3.891,1
902,0,-1.67,0.8,-5.029,1
902,1,0.84,0.5,-0.386,1
902,1,1.74,0.5,0.514,1
902,1,9.66,0.5,8.434,1
902,1,9.99,0.2,8.197,1
902,1,7.09,0.8,3.731,1
902,1,8.12,1,-1.88,1
902,0,-1.55,1,-11.55,1
902,0,-0.52,0.8,-3.879,1
902,0,0.92,0.2,-0.873,1
902,1,9.95,0.2,8.157,1
902,1,10.47,0.5,9.244,1
902,1,8.33,1,-1.67,1
902,1,7.22,0.8,3.861,1
902,0,7.55,1,-2.45,1
902,0,-1.55,0.8,-4.909,1
902,0,-0.37,1,-10.37,1
902,0,1.04,0.5,-0.186,1
902,1,9.99,0.2,8.197,1
902,1,9.24,0.5,8.014,1
902,0,7.92,1,-2.08,1
902,0,8.08,1,-1.92,1
902,0,-1.06,1,-11.06,1
902,0,-0.35,0.8,-3.709,1
902,1,9.47,0.2,8.422,1
902,1,9.98,0.5,8.201,1
902,1,7.19,0.5,5.411,1
902,1,7.22,0.5,5.441,1
902,0,-0.92,1,-2.206,1
902,0,-0.31,0.8,-4.422,1
902,0,0.41,0.5,-1.369,1
902,0,1.74,0.5,-0.039,1
902,1,1.14,0.2,0.092,1
902,1,9.78,0.2,8.732,1
902,0,9.99,0.5,8.211,1
902,0,7.43,1,6.144,1
902,0,-1.51,1,-2.796,1
902,0,0.76,0.8,-3.352,1
902,0,0.83,0.5,-0.949,1
902,0,1.2,0.5,-0.579,1
902,1,1.77,0.2,0.722,1
902,1,10.1,0.2,9.052,1
902,1,9.55,0.5,7.771,1
902,1,7.88,0.8,3.768,1
902,1,8.9,1,7.614,1
902,1,7.22,0.8,3.108,1
902,0,-0.37,1,-1.656,1
902,0,0.55,0.8,-3.562,1
902,0,1.01,0.2,-0.038,1
902,1,9.34,0.2,8.292,1
902,1,10.18,0.5,8.401,1
902,1,8.16,0.8,4.048,1
902,1,7.97,0.8,3.858,1
902,0,-0.81,0.8,-4.922,1
902,0,1.65,0.5,-0.129,1
902,1,1.94,0.2,0.892,1
902,1,10.99,0.5,9.211,1
902,1,9.52,0.2,8.472,1
902,0,8.26,1,6.974,1
902,1,8.24,0.8,4.128,1
902,0,-0.05,1,-1.336,1
902,0,0.15,0.8,-3.962,1
902,0,0.52,0.5,-1.259,1
902,1,1.65,0.2,0.602,1
902,1,10.11,0.5,8.331,1
902,1,9.57,0.2,8.522,1
902,1,9.25,0.5,7.471,1
902,1,7.86,0.8,3.748,1
902,1,8.02,0.8,3.908,1
902,0,7.62,1,6.334,1
902,0,-1.96,1,-3.246,1
902,0,0.63,0.5,-1.149,1
902,1,1.19,0.2,0.142,1
902,1,9.21,0.2,8.162,1
902,1,9.19,0.5,7.411,1
902,0,7.86,1,6.574,1
902,1,7.66,0.8,3.548,1
902,0,-0.22,1,-1.506,1
902,0,0.84,0.8,-3.272,1
902,0,1.62,0.8,-2.492,1
902,1,1.09,0.2,0.042,1
902,1,10.24,0.2,9.192,1
902,1,9.67,0.5,7.891,1
902,1,7.84,0.8,3.728,1
902,0,8.05,1,6.764,1
902,0,-1.26,1,-2.546,1
902,0,-0.16,0.5,-1.939,1
902,0,0.99,0.2,-0.058,1
902,1,1.27,0.2,0.222,1
902,1,10.08,0.2,9.032,1
902,1,9.94,0.5,8.161,1
902,1,7.26,0.8,3.148,1
902,0,7.78,1,6.494,1
902,0,-1.15,1,-2.436,1
902,0,-0.54,0.8,-4.652,1
902,0,0.92,0.5,-0.859,1
902,1,1.54,0.2,0.492,1
902,1,9.92,0.2,8.872,1
902,1,7.27,0.5,5.491,1
902,0,7.55,1,6.264,1
902,0,-1.95,1,-3.236,1
902,0,-0.11,0.8,-4.222,1
902,0,0.92,0.2,-0.128,1
902,1,1.74,0.5,-0.039,1
908,1,9.33,0.2,4.782,1
908,1,10.4,0.5,9.112,1
908,1,7.79,0.8,4.353,1
908,0,-2,1,-6.109,1
908,0,-0.03,0.8,-3.467,1
908,0,1.28,0.5,-0.008,1
908,1,9.97,0.2,5.422,1
908,1,9.62,0.5,8.332,1
908,1,8.15,0.8,4.713,1
908,1,7.82,0.2,3.272,1
908,0,-0.2,1,-4.309,1
908,0,-0.8,0.8,-4.237,1
908,0,0.6,0.2,-3.948,1
908,1,1.27,0.5,-0.018,1
908,1,9.25,0.2,4.702,1
908,1,10.24,0.2,5.692,1
908,1,8.13,1,4.021,1
908,1,7.98,0.5,6.692,1
908,1,7.25,0.2,2.702,1
908,0,-1.35,0.8,-4.787,1
908,0,-0.85,1,-4.959,1
908,0,0.52,0.2,-4.028,1
908,0,0.95,0.5,-0.338,1
908,1,10.75,1,6.641,1
908,1,10.15,0.8,6.713,1
908,0,9.89,0.2,5.342,1
908,1,7.4,1,3.291,1
908,1,7.19,0.2,2.642,1
908,0,-0.22,0.8,-3.657,1
908,0,-0.44,1,-4.549,1
908,1,1.69,0.2,-2.858,1
908,1,9.8,0.5,8.512,1
908,1,10.1,0.5,8.812,1
908,1,10.25,0.8,6.813,1
908,0,8.15,0.2,3.602,1
908,1,7.05,0.5,5.762,1
908,0,-1.15,0.8,-4.587,1
908,0,-1.3,1,-5.409,1
908,1,1.75,0.5,0.462,1
908,0,0.89,0.2,-3.658,1
908,1,9.05,0.5,7.762,1
908,1,9.97,0.2,5.422,1
908,1,8.29,0.5,7.002,1
908,1,7.96,0.8,4.523,1
908,0,-1.55,1,-5.659,1
908,0,-0.52,0.8,-3.957,1
908,0,0.92,0.2,-3.628,1
908,1,9.78,0.5,8.492,1
908,1,10.16,0.8,6.723,1
908,1,7.34,0.5,6.052,1
908,1,8.08,1,3.971,1
908,0,-1.46,0.8,-4.897,1
908,0,-0.01,0.5,-1.298,1
908,0,0.92,0.5,-0.368,1
908,0,1.46,1,-2.649,1
908,0,0.85,0.5,-0.438,1
908,1,10.22,0.5,8.932,1
908,1,9.48,0.2,4.932,1
908,1,7.92,1,3.811,1
908,1,8.12,0.8,4.683,1
908,0,-1.67,0.8,-5.107,1
908,0,0.84,0.2,-3.708,1
908,1,1.74,0.5,0.452,1
908,1,9.66,0.5,8.372,1
908,1,9.99,0.2,5.442,1
908,1,7.09,0.8,3.653,1
908,1,8.12,1,4.011,1
908,0,-0.46,1,-4.569,1
908,0,0.62,0.8,-2.817,1
908,0,0.84,0.5,-0.448,1
908,0,0.78,0.2,-3.768,1
908,1,9.95,0.2,5.402,1
908,1,10.47,0.5,9.182,1
908,1,8.33,1,4.221,1
908,1,7.22,0.8,3.783,1
908,1,7.55,1,3.441,1
908,0,-1.55,0.8,-4.987,1
908,0,-0.37,1,-4.479,1
908,0,1.04,0.5,-0.248,1
908,1,9.99,0.2,5.442,1
908,0,-0.27,1,-10.27,2
908,0,-0.4,0.8,-3.904,2
908,1,1.2,0.5,0.13,2
908,0,0.8,0.2,-0.238,2
908,1,10.37,0.5,9.3,2
908,1,9.25,0.2,8.212,2
908,1,7.17,0.5,6.1,2
908,1,7.33,0.5,6.26,2
908,0,-1.92,1,-11.92,2
908,0,-0.31,0.8,-3.814,2
908,0,0.74,0.5,-0.33,2
908,1,1.14,0.2,0.102,2
908,1,10.1,0.2,9.062,2
908,1,9.55,0.5,8.48,2
908,1,7.88,0.8,4.376,2
908,1,7.9,1,-2.1,2
908,1,7.22,1,-2.78,2
908,0,-1.51,1,-11.51,2
908,0,-0.24,0.8,-3.744,2
908,0,0.83,0.5,-0.24,2
908,1,1.2,0.2,0.162,2
908,1,1.49,0.2,0.452,2
908,1,9.78,0.2,8.742,2
908,1,10.99,0.5,9.92,2
908,1,7.43,1,-2.57,2
908,1,-0.05,1,-10.05,2
908,0,-0.85,0.8,-4.354,2
908,0,0.52,0.5,-0.55,2
908,1,1.65,0.2,0.612,2
908,1,9.83,0.2,8.792,2
908,1,10.34,0.5,9.27,2
908,1,8.68,0.8,5.176,2
908,1,7.97,0.8,4.466,2
908,1,7.52,1,-2.48,2
908,0,-0.89,1,-10.89,2
908,0,0.19,0.8,-3.314,2
908,1,1.65,0.5,0.58,2
908,1,1.62,0.2,0.582,2
908,1,10.26,0.2,9.222,2
908,1,8.24,1,-1.76,2
908,1,7.99,0.8,4.486,2
908,0,-0.96,1,-10.96,2
908,0,0.63,0.5,-0.44,2
908,1,1.45,0.2,0.412,2
908,1,10.55,0.2,9.512,2
908,1,10.22,0.5,9.15,2
908,1,7.33,0.8,3.826,2
908,1,7.47,0.8,3.966,2
908,1,7.95,1,-2.05,2
908,0,-1.22,1,-11.22,2
908,0,-0.16,0.8,-3.664,2
908,0,0.62,0.8,-2.884,2
908,1,1.51,0.2,0.472,2
908,1,10.12,0.5,9.05,2
908,1,9.99,0.2,8.952,2
908,1,8.07,1,-1.93,2
908,1,7.96,0.8,4.456,2
908,0,-1.26,1,-11.26,2
908,0,0.84,0.5,-0.23,2
908,1,1.33,0.2,0.292,2
908,1,9.24,0.2,8.202,2
908,1,10.12,0.5,9.05,2
908,1,7.48,0.8,3.976,2
908,1,7.22,1,-2.78,2
908,0,-1.15,1,-11.15,2
908,0,-0.54,0.8,-4.044,2
908,0,0.92,0.5,-0.15,2
908,0,0.99,0.2,-0.048,2
908,1,1.54,0.2,0.502,2
908,1,10.08,0.2,9.042,2
908,1,9.34,0.5,8.27,2
908,1,7.78,0.8,4.276,2
908,1,8.16,1,-1.84,2
908,0,-1.08,1,-11.08,2
908,0,0.48,0.8,-3.024,2
908,1,1.45,0.2,0.412,2
908,1,10.13,0.2,9.092,2
908,1,10.4,0.5,9.33,2
908,1,7.33,1,-2.67,2
908,0,-1.95,1,-11.95,2
908,0,-1.77,1,-4.665,1
908,0,-0.08,0.8,-0.08,1
908,1,1.43,0.5,0.21,1
908,1,9.4,0.2,8.075,1
908,1,9.38,0.5,8.16,1
908,1,7.16,0.8,7.16,1
908,0,-2,1,-4.895,1
908,0,-0.64,0.8,-0.64,1
908,0,0.83,0.2,-0.495,1
908,1,1.75,0.5,0.53,1
908,1,9.99,0.2,8.665,1
908,1,9.61,0.5,8.39,1
908,1,8.12,0.8,8.12,1
908,1,7.99,1,5.095,1
908,0,-1.86,0.8,-1.86,1
908,0,-0.12,0.8,-0.12,1
908,0,0.45,0.5,-0.77,1
908,1,1.67,0.5,0.45,1
908,0,0.99,0.2,-0.335,1
908,1,10.11,0.5,8.89,1
908,1,9.75,0.2,8.425,1
908,1,10.15,0.5,8.93,1
908,1,9.89,0.2,8.565,1
908,1,7.4,0.8,7.4,1
908,1,8.19,1,5.295,1
908,0,-0.22,0.8,-0.22,1
908,0,-0.44,1,-3.335,1
908,1,1.79,0.2,0.465,1
908,1,9.8,0.5,8.58,1
908,1,10.1,0.2,8.775,1
908,1,10.25,0.5,9.03,1
908,1,8.15,1,5.255,1
908,1,7.05,0.8,7.05,1
908,1,-1.15,0.8,-1.15,1
908,0,-1.3,1,-4.195,1
908,0,0.75,0.5,-0.47,1
908,1,1.69,0.2,0.365,1
908,1,9.97,0.5,8.75,1
908,1,10.07,0.2,8.745,1
908,1,8.29,1,5.395,1
908,1,7.96,0.8,7.96,1
908,0,-0.85,1,-3.745,1
908,0,0.52,0.8,0.52,1
908,1,1.73,0.5,0.51,1
908,1,9.78,0.2,8.455,1
908,1,10.16,0.5,8.94,1
908,1,8.87,0.8,8.87,1
908,0,-0.46,1,-3.355,1
908,0,0.62,0.8,0.62,1
908,0,0.84,0.5,-0.38,1
908,0,0.78,0.2,-0.545,1
908,1,10.25,0.2,8.925,1
908,1,9.24,0.2,7.915,1
908,1,8.13,1,5.235,1
908,1,8.08,0.8,8.08,1
908,1,7.25,0.8,7.25,1
908,0,-1.67,0.8,-1.67,1
908,0,0.84,0.5,-0.38,1
908,1,1.74,0.5,0.52,1
908,1,9.66,0.5,8.44,1
908,1,9.99,0.2,8.665,1
908,1,7.09,0.8,7.09,1
908,1,8.12,1,5.225,1
908,0,-1.55,1,-4.445,1
908,0,-0.52,0.8,-0.52,1
908,0,0.92,0.2,-0.405,1
908,1,9.95,0.2,8.625,1
908,1,10.47,0.5,9.25,1
908,1,8.33,1,5.435,1
908,1,7.22,0.8,7.22,1
908,1,7.55,1,4.655,1
908,0,-1.55,0.8,-1.55,1
908,0,-0.37,1,-3.265,1
908,0,1.04,0.5,-0.18,1
908,1,9.99,0.2,8.665,1
908,1,9.24,0.5,8.02,1
908,1,7.92,1,5.025,1
908,1,8.08,1,5.185,1
908,0,-1.06,1,-3.955,1
908,0,-0.35,0.8,-0.35,1
908,1,9.47,0.2,8.422,2
908,1,9.98,0.5,8.595,2
908,1,7.19,0.5,5.805,2
908,1,7.22,0.5,5.835,2
908,0,-0.92,1,-10.92,2
908,0,-0.31,0.8,-1.526,2
908,0,0.41,0.5,-0.975,2
908,1,1.74,0.5,0.355,2
908,1,1.14,0.2,0.092,2
908,1,9.78,0.2,8.732,2
908,1,9.99,0.5,8.605,2
908,1,7.43,1,-2.57,2
908,0,-1.51,1,-11.51,2
908,0,0.76,0.8,-0.456,2
908,0,0.83,0.5,-0.555,2
908,0,1.2,0.5,-0.185,2
908,1,1.77,0.2,0.722,2
908,1,10.1,0.2,9.052,2
908,1,9.55,0.5,8.165,2
908,1,7.88,0.8,6.664,2
908,1,8.9,1,-1.1,2
908,1,7.22,0.8,6.004,2
908,0,-0.37,1,-10.37,2
908,0,0.55,0.8,-0.666,2
908,0,1.01,0.2,-0.038,2
908,1,9.34,0.2,8.292,2
908,1,10.18,0.5,8.795,2
908,1,8.16,0.8,6.944,2
908,1,7.97,0.8,6.754,2
908,0,-0.81,0.8,-2.026,2
908,1,1.65,0.5,0.265,2
908,1,1.94,0.2,0.892,2
908,1,10.99,0.5,9.605,2
908,1,9.52,0.2,8.472,2
908,1,8.26,1,-1.74,2
908,1,8.24,0.8,7.024,2
908,0,-0.05,1,-10.05,2
908,0,0.15,0.8,-1.066,2
908,0,0.52,0.5,-0.865,2
908,1,1.65,0.2,0.602,2
908,1,10.11,0.5,8.725,2
908,1,9.57,0.2,8.522,2
908,1,9.25,0.5,7.865,2
908,1,7.86,0.8,6.644,2
908,1,8.02,0.8,6.804,2
908,1,7.62,1,-2.38,2
908,0,-1.96,1,-11.96,2
908,0,0.63,0.5,-0.755,2
908,1,1.19,0.2,0.142,2
908,1,9.21,0.2,8.162,2
908,1,9.19,0.5,7.805,2
908,1,7.86,1,-2.14,2
908,1,7.66,0.8,6.444,2
908,0,-0.22,1,-10.22,2
908,0,0.84,0.8,-0.376,2
908,1,1.62,0.8,0.404,2
908,1,1.09,0.2,0.042,2
908,1,10.24,0.2,9.192,2
908,1,9.67,0.5,8.285,2
908,1,7.84,0.8,6.624,2
908,1,8.05,1,-1.95,2
908,0,-1.26,1,-11.26,2
908,0,-0.16,0.5,-1.545,2
908,0,0.99,0.2,-0.058,2
908,1,1.27,0.2,0.222,2
908,1,10.08,0.2,9.032,2
908,1,9.94,0.5,8.555,2
908,1,7.26,0.8,6.044,2
908,1,7.78,1,-2.22,2
908,0,-1.15,1,-11.15,2
908,0,-0.54,0.8,-1.756,2
908,0,0.92,0.5,-0.465,2
908,1,1.54,0.2,0.492,2
908,1,9.92,0.2,8.872,2
908,1,7.27,0.5,5.885,2
908,1,7.55,1,-2.45,2
908,0,-1.95,1,-11.95,2
908,0,-0.11,0.8,-1.326,2
908,0,0.92,0.2,-0.128,2
908,1,1.74,0.5,0.355,2
910,1,9.33,0.2,8.021,2
910,1,10.4,0.5,9.261,2
910,1,7.79,0.8,4.353,2
910,0,-2,1,-2.64,2
910,0,-0.03,0.8,-3.467,2
910,1,1.28,0.5,0.141,2
910,1,9.97,0.2,8.661,2
910,1,9.62,0.5,8.481,2
910,1,8.15,0.8,4.713,2
910,1,7.82,0.2,6.511,2
910,0,-0.2,1,-0.84,2
910,0,-0.8,0.8,-4.237,2
910,0,0.6,0.2,-0.709,2
910,1,1.27,0.5,0.131,2
910,1,9.25,0.2,7.941,2
910,1,10.24,0.2,8.931,2
910,1,8.13,1,7.49,2
910,1,7.98,0.5,6.841,2
910,1,7.25,0.2,5.941,2
910,0,-1.35,0.8,-4.787,2
910,0,-0.85,1,-1.49,2
910,0,0.52,0.2,-0.789,2
910,0,0.95,0.5,-0.189,2
910,1,10.75,1,10.11,2
910,1,10.15,0.8,6.713,2
910,1,9.89,0.2,8.581,2
910,1,7.4,1,6.76,2
910,1,7.19,0.2,5.881,2
910,0,-0.22,0.8,-3.657,2
910,0,-0.44,1,-1.08,2
910,1,1.69,0.2,0.381,2
910,1,9.8,0.5,8.661,2
910,1,10.1,0.5,8.961,2
910,1,10.25,0.8,6.813,2
910,1,8.15,0.2,6.841,2
910,1,7.05,0.5,5.911,2
910,0,-1.15,0.8,-4.587,2
910,0,-1.3,1,-1.94,2
910,1,1.75,0.5,0.611,2
910,0,0.89,0.2,-0.419,2
910,1,9.05,0.5,7.911,2
910,1,9.97,0.2,8.661,2
910,1,8.29,0.5,7.151,2
910,1,7.96,0.8,4.523,2
910,0,-1.55,1,-2.19,2
910,0,-0.52,0.8,-3.957,2
910,0,0.92,0.2,-0.389,2
910,1,9.78,0.5,8.641,2
910,1,10.16,0.8,6.723,2
910,1,7.34,0.5,6.201,2
910,1,8.08,1,7.44,2
910,0,-1.46,0.8,-4.897,2
910,0,-0.01,0.5,-1.149,2
910,0,0.92,0.5,-0.219,2
910,1,1.46,1,0.82,2
910,0,0.85,0.5,-0.289,2
910,1,10.22,0.5,9.081,2
910,1,9.48,0.2,8.171,2
910,1,7.92,1,7.28,2
910,1,8.12,0.8,4.683,2
910,0,-1.67,0.8,-5.107,2
910,0,0.84,0.2,-0.469,2
910,1,1.74,0.5,0.601,2
910,1,9.66,0.5,8.521,2
910,1,9.99,0.2,8.681,2
910,1,7.09,0.8,3.653,2
910,1,8.12,1,7.48,2
910,0,-0.46,1,-1.1,2
910,0,0.62,0.8,-2.817,2
910,0,0.84,0.5,-0.299,2
910,0,0.78,0.2,-0.529,2
910,1,9.95,0.2,8.641,2
910,1,10.47,0.5,9.331,2
910,1,8.33,1,7.69,2
910,1,7.22,0.8,3.783,2
910,1,7.55,1,6.91,2
910,0,-1.55,0.8,-4.987,2
910,0,-0.37,1,-1.01,2
910,0,1.04,0.5,-0.099,2
910,1,9.99,0.2,8.681,2
910,0,-0.27,1,-10.27,1
910,0,-0.4,0.8,-3.904,1
910,1,1.2,0.5,0.13,1
910,0,0.8,0.2,-0.238,1
910,1,10.37,0.5,9.3,1
910,1,9.25,0.2,8.212,1
910,1,7.17,0.5,6.1,1
910,1,7.33,0.5,6.26,1
910,0,-1.92,1,-11.92,1
910,0,-0.31,0.8,-3.814,1
910,0,0.74,0.5,-0.33,1
910,1,1.14,0.2,0.102,1
910,1,10.1,0.2,9.062,1
910,1,9.55,0.5,8.48,1
910,1,7.88,0.8,4.376,1
910,1,7.9,1,-2.1,1
910,1,7.22,1,-2.78,1
910,0,-1.51,1,-11.51,1
910,0,-0.24,0.8,-3.744,1
910,0,0.83,0.5,-0.24,1
910,1,1.2,0.2,0.162,1
910,1,1.49,0.2,0.452,1
910,1,9.78,0.2,8.742,1
910,1,10.99,0.5,9.92,1
910,1,7.43,1,-2.57,1
910,0,-0.05,1,-10.05,1
910,0,-0.85,0.8,-4.354,1
910,0,0.52,0.5,-0.55,1
910,1,1.65,0.2,0.612,1
910,1,9.83,0.2,8.792,1
910,1,10.34,0.5,9.27,1
910,1,8.68,0.8,5.176,1
910,1,7.97,0.8,4.466,1
910,1,7.52,1,-2.48,1
910,0,-0.89,1,-10.89,1
910,0,0.19,0.8,-3.314,1
910,1,1.65,0.5,0.58,1
910,1,1.62,0.2,0.582,1
910,1,10.26,0.2,9.222,1
910,1,8.24,1,-1.76,1
910,1,7.99,0.8,4.486,1
910,0,-0.96,1,-10.96,1
910,0,0.63,0.5,-0.44,1
910,1,1.45,0.2,0.412,1
910,1,10.55,0.2,9.512,1
910,1,10.22,0.5,9.15,1
910,1,7.33,0.8,3.826,1
910,1,7.47,0.8,3.966,1
910,1,7.95,1,-2.05,1
910,0,-1.22,1,-11.22,1
910,0,-0.16,0.8,-3.664,1
910,0,0.62,0.8,-2.884,1
910,1,1.51,0.2,0.472,1
910,1,10.12,0.5,9.05,1
910,1,9.99,0.2,8.952,1
910,1,8.07,1,-1.93,1
910,1,7.96,0.8,4.456,1
910,0,-1.26,1,-11.26,1
910,0,0.84,0.5,-0.23,1
910,1,1.33,0.2,0.292,1
910,1,9.24,0.2,8.202,1
910,1,10.12,0.5,9.05,1
910,1,7.48,0.8,3.976,1
910,1,7.22,1,-2.78,1
910,0,-1.15,1,-11.15,1
910,0,-0.54,0.8,-4.044,1
910,0,0.92,0.5,-0.15,1
910,0,0.99,0.2,-0.048,1
910,1,1.54,0.2,0.502,1
910,1,10.08,0.2,9.042,1
910,1,9.34,0.5,8.27,1
910,1,7.78,0.8,4.276,1
910,1,8.16,1,-1.84,1
910,0,-1.08,1,-11.08,1
910,0,0.48,0.8,-3.024,1
910,1,1.45,0.2,0.412,1
910,1,10.13,0.2,9.092,1
910,1,10.4,0.5,9.33,1
910,1,7.33,1,-2.67,1
910,0,-1.95,1,-11.95,1
910,0,-1.77,1,-4.665,2
910,0,-0.08,0.8,-3.439,2
910,1,1.43,0.5,0.21,2
910,1,9.4,0.2,8.075,2
910,1,9.38,0.5,8.16,2
910,1,7.16,0.8,3.801,2
910,0,-2,1,-4.895,2
910,0,-0.64,0.8,-3.999,2
910,0,0.83,0.2,-0.495,2
910,1,1.75,0.5,0.53,2
910,1,9.99,0.2,8.665,2
910,1,9.61,0.5,8.39,2
910,1,8.12,0.8,4.761,2
910,1,7.99,1,5.095,2
910,0,-1.86,0.8,-5.219,2
910,0,-0.12,0.8,-3.479,2
910,0,0.45,0.5,-0.77,2
910,1,1.67,0.5,0.45,2
910,0,0.99,0.2,-0.335,2
910,1,10.11,0.5,8.89,2
910,1,9.75,0.2,8.425,2
910,1,10.15,0.5,8.93,2
910,1,9.89,0.2,8.565,2
910,1,7.4,0.8,4.041,2
910,1,8.19,1,5.295,2
910,0,-0.22,0.8,-3.579,2
910,0,-0.44,1,-3.335,2
910,1,1.79,0.2,0.465,2
910,1,9.8,0.5,8.58,2
910,1,10.1,0.2,8.775,2
910,1,10.25,0.5,9.03,2
910,1,8.15,1,5.255,2
910,1,7.05,0.8,3.691,2
910,0,-1.15,0.8,-4.509,2
910,0,-1.3,1,-4.195,2
910,0,0.75,0.5,-0.47,2
910,1,1.69,0.2,0.365,2
910,1,9.97,0.5,8.75,2
910,1,10.07,0.2,8.745,2
910,1,8.29,1,5.395,2
910,1,7.96,0.8,4.601,2
910,0,-0.85,1,-3.745,2
910,0,0.52,0.8,-2.839,2
910,1,1.73,0.5,0.51,2
910,1,9.78,0.2,8.455,2
910,1,10.16,0.5,8.94,2
910,1,8.87,0.8,5.511,2
910,0,-0.46,1,-3.355,2
910,0,0.62,0.8,-2.739,2
910,0,0.84,0.5,-0.38,2
910,0,0.78,0.2,-0.545,2
910,1,10.25,0.2,8.925,2
910,1,9.24,0.2,7.915,2
910,1,8.13,1,5.235,2
910,1,8.08,0.8,4.721,2
910,1,7.25,0.8,3.891,2
910,0,-1.67,0.8,-5.029,2
910,0,0.84,0.5,-0.38,2
910,1,1.74,0.5,0.52,2
910,1,9.66,0.5,8.44,2
910,1,9.99,0.2,8.665,2
910,1,7.09,0.8,3.731,2
910,1,8.12,1,5.225,2
910,0,-1.55,1,-4.445,2
910,0,-0.52,0.8,-3.879,2
910,0,0.92,0.2,-0.405,2
910,1,9.95,0.2,8.625,2
910,1,10.47,0.5,9.25,2
910,1,8.33,1,5.435,2
910,1,7.22,0.8,3.861,2
910,1,7.55,1,4.655,2
910,0,-1.55,0.8,-4.909,2
910,0,-0.37,1,-3.265,2
910,0,1.04,0.5,-0.18,2
910,1,9.99,0.2,8.665,2
910,1,9.24,0.5,8.02,2
910,1,7.92,1,5.025,2
910,1,8.08,1,5.185,2
910,0,-1.06,1,-3.955,2
910,0,-0.35,0.8,-3.709,2
910,1,9.47,0.2,8.452,1
910,1,9.98,0.5,8.918,1
910,1,7.19,0.5,6.128,1
910,1,7.22,0.5,6.158,1
910,0,-0.92,1,-10.92,1
910,0,-0.31,0.8,-1.526,1
910,0,0.41,0.5,-0.652,1
910,1,1.74,0.5,0.678,1
910,1,1.14,0.2,0.122,1
910,1,9.78,0.2,8.762,1
910,1,9.99,0.5,8.928,1
910,1,7.43,1,-2.57,1
910,0,-1.51,1,-11.51,1
910,0,0.76,0.8,-0.456,1
910,0,0.83,0.5,-0.232,1
910,1,1.2,0.5,0.138,1
910,1,1.77,0.2,0.752,1
910,1,10.1,0.2,9.082,1
910,1,9.55,0.5,8.488,1
910,1,7.88,0.8,6.664,1
910,1,8.9,1,-1.1,1
910,1,7.22,0.8,6.004,1
910,0,-0.37,1,-10.37,1
910,0,0.55,0.8,-0.666,1
910,2,1.01,0.2,-0.008,1
910,1,9.34,0.2,8.322,1
910,1,10.18,0.5,9.118,1
910,1,8.16,0.8,6.944,1
910,1,7.97,0.8,6.754,1
910,0,-0.81,0.8,-2.026,1
910,1,1.65,0.5,0.588,1
910,1,1.94,0.2,0.922,1
910,1,10.99,0.5,9.928,1
910,1,9.52,0.2,8.502,1
910,1,8.26,1,-1.74,1
910,1,8.24,0.8,7.024,1
910,0,-0.05,1,-10.05,1
910,0,0.15,0.8,-1.066,1
910,0,0.52,0.5,-0.542,1
910,1,1.65,0.2,0.632,1
910,1,10.11,0.5,9.048,1
910,1,9.57,0.2,8.552,1
910,1,9.25,0.5,8.188,1
910,1,7.86,0.8,6.644,1
910,1,8.02,0.8,6.804,1
910,1,7.62,1,-2.38,1
910,0,-1.96,1,-11.96,1
910,0,0.63,0.5,-0.432,1
910,1,1.19,0.2,0.172,1
910,1,9.21,0.2,8.192,1
910,1,9.19,0.5,8.128,1
910,1,7.86,1,-2.14,1
910,1,7.66,0.8,6.444,1
910,0,-0.22,1,-10.22,1
910,0,0.84,0.8,-0.376,1
910,1,1.62,0.8,0.404,1
910,1,1.09,0.2,0.072,1
910,1,10.24,0.2,9.222,1
910,1,9.67,0.5,8.608,1
910,1,7.84,0.8,6.624,1
910,1,8.05,1,-1.95,1
910,0,-1.26,1,-11.26,1
910,0,-0.16,0.5,-1.222,1
910,0,0.99,0.2,-0.028,1
910,1,1.27,0.2,0.252,1
910,1,10.08,0.2,9.062,1
910,1,9.94,0.5,8.878,1
910,1,7.26,0.8,6.044,1
910,1,7.78,1,-2.22,1
910,0,-1.15,1,-11.15,1
910,0,-0.54,0.8,-1.756,1
910,0,0.92,0.5,-0.142,1
910,1,1.54,0.2,0.522,1
910,1,9.92,0.2,8.902,1
910,1,7.27,0.5,6.208,1
910,1,7.55,1,-2.45,1
910,0,-1.95,1,-11.95,1
910,0,-0.11,0.8,-1.326,1
910,0,0.92,0.2,-0.098,1
910,1,1.74,0.5,0.678,1
911,1,9.33,0.2,8.407,1
911,1,10.4,0.5,9.217,1
911,1,7.79,0.8,7.494,1
911,0,-2,1,-9.673,1
911,0,-0.03,0.8,-0.326,1
911,0,1.28,0.5,0.097,1
911,1,9.97,0.2,9.047,1
911,1,9.62,0.5,8.437,1
911,0,8.15,0.8,7.854,1
911,1,7.82,0.2,6.897,1
911,0,-0.2,1,-7.873,1
911,0,-0.8,0.8,-1.096,1
911,1,0.6,0.2,-0.323,1
911,1,1.27,0.5,0.087,1
911,1,9.25,0.2,8.327,1
911,1,10.24,0.2,9.317,1
911,1,8.13,1,0.457,1
911,1,7.98,0.5,6.797,1
911,1,7.25,0.2,6.327,1
911,0,-1.35,0.8,-1.646,1
911,0,-0.85,1,-8.523,1
911,0,0.52,0.2,-0.403,1
911,0,0.95,0.5,-0.233,1
911,1,10.75,1,3.077,1
911,1,10.15,0.8,9.854,1
911,1,9.89,0.2,8.967,1
911,0,7.4,1,-0.273,1
911,1,7.19,0.2,6.267,1
911,0,-0.22,0.8,-0.516,1
911,0,-0.44,1,-8.113,1
911,1,1.69,0.2,0.767,1
911,1,9.8,0.5,8.617,1
911,1,10.1,0.5,8.917,1
911,1,10.25,0.8,9.954,1
911,1,8.15,0.2,7.227,1
911,1,7.05,0.5,5.867,1
911,0,-1.15,0.8,-1.446,1
911,0,-1.3,1,-8.973,1
911,1,1.75,0.5,0.567,1
911,0,0.89,0.2,-0.033,1
911,1,9.05,0.5,7.867,1
911,1,9.97,0.2,9.047,1
911,1,8.29,0.5,7.107,1
911,1,7.96,0.8,7.664,1
911,0,-1.55,1,-9.223,1
911,0,-0.52,0.8,-0.816,1
911,0,0.92,0.2,-0.003,1
911,1,9.78,0.5,8.597,1
911,1,10.16,0.8,9.864,1
911,1,7.34,0.5,6.157,1
911,1,8.08,1,0.407,1
911,0,-1.46,0.8,-1.756,1
911,0,-0.01,0.5,-1.193,1
911,0,0.92,0.5,-0.263,1
911,0,1.46,1,-6.213,1
911,0,0.85,0.5,-0.333,1
911,1,10.22,0.5,9.037,1
911,1,9.48,0.2,8.557,1
911,2,7.92,1,0.247,1
911,1,8.12,0.8,7.824,1
911,0,-1.67,0.8,-1.966,1
911,2,0.84,0.2,-0.083,1
911,1,1.74,0.5,0.557,1
911,1,9.66,0.5,8.477,1
911,1,9.99,0.2,9.067,1
911,1,7.09,0.8,6.794,1
911,1,8.12,1,0.447,1
911,0,-0.46,1,-8.133,1
911,1,0.62,0.8,0.324,1
911,0,0.84,0.5,-0.343,1
911,1,0.78,0.2,-0.143,1
911,1,9.95,0.2,9.027,1
911,1,10.47,0.5,9.287,1
911,1,8.33,1,0.657,1
911,1,7.22,0.8,6.924,1
911,0,7.55,1,-0.123,1
911,0,-1.55,0.8,-1.846,1
911,0,-0.37,1,-8.043,1
911,1,1.04,0.5,-0.143,1
911,1,9.99,0.2,9.067,1
911,0,-0.27,1,-10.27,2
911,0,-0.4,0.8,-10.4,2
911,2,1.2,0.5,0.127,2
911,0,0.8,0.2,-0.094,2
911,1,10.37,0.5,9.297,2
911,1,9.25,0.2,8.356,2
911,1,7.17,0.5,6.097,2
911,1,7.33,0.5,6.257,2
911,0,-1.92,1,-11.92,2
911,1,-0.31,0.8,-10.31,2
911,0,0.74,0.5,-0.333,2
911,1,1.14,0.2,0.246,2
911,1,10.1,0.2,9.206,2
911,1,9.55,0.5,8.477,2
911,1,7.88,0.8,-2.12,2
911,1,7.9,1,-2.1,2
911,1,7.22,1,-2.78,2
911,0,-1.51,1,-11.51,2
911,0,-0.24,0.8,-10.24,2
911,1,0.83,0.5,-0.243,2
911,2,1.2,0.2,0.306,2
911,1,1.49,0.2,0.596,2
911,1,9.78,0.2,8.886,2
911,1,10.99,0.5,9.917,2
911,1,7.43,1,-2.57,2
911,0,-0.05,1,-10.05,2
911,0,-0.85,0.8,-10.85,2
911,1,0.52,0.5,-0.553,2
911,1,1.65,0.2,0.756,2
911,1,9.83,0.2,8.936,2
911,1,10.34,0.5,9.267,2
911,1,8.68,0.8,-1.32,2
911,1,7.97,0.8,-2.03,2
911,0,7.52,1,-2.48,2
911,0,-0.89,1,-10.89,2
911,0,0.19,0.8,-9.81,2
911,1,1.65,0.5,0.577,2
911,1,1.62,0.2,0.726,2
911,1,10.26,0.2,9.366,2
911,0,8.24,1,-1.76,2
911,1,7.99,0.8,-2.01,2
911,0,-0.96,1,-10.96,2
911,0,0.63,0.5,-0.443,2
911,0,1.45,0.2,0.556,2
911,1,10.55,0.2,9.656,2
911,1,10.22,0.5,9.147,2
911,1,7.33,0.8,-2.67,2
911,0,7.47,0.8,-2.53,2
911,0,7.95,1,-2.05,2
911,0,-1.22,1,-11.22,2
911,0,-0.16,0.8,-10.16,2
911,0,0.62,0.8,-9.38,2
911,1,1.51,0.2,0.616,2
911,1,10.12,0.5,9.047,2
911,1,9.99,0.2,9.096,2
911,1,8.07,1,-1.93,2
911,1,7.96,0.8,-2.04,2
911,0,-1.26,1,-11.26,2
911,0,0.84,0.5,-0.233,2
911,1,1.33,0.2,0.436,2
911,1,9.24,0.2,8.346,2
911,1,10.12,0.5,9.047,2
911,1,7.48,0.8,-2.52,2
911,0,7.22,1,-2.78,2
911,0,-1.15,1,-11.15,2
911,0,-0.54,0.8,-10.54,2
911,0,0.92,0.5,-0.153,2
911,1,0.99,0.2,0.096,2
911,1,1.54,0.2,0.646,2
911,1,10.08,0.2,9.186,2
911,1,9.34,0.5,8.267,2
911,1,7.78,0.8,-2.22,2
911,0,8.16,1,-1.84,2
911,0,-1.08,1,-11.08,2
911,0,0.48,0.8,-9.52,2
911,1,1.45,0.2,0.556,2
911,1,10.13,0.2,9.236,2
911,1,10.4,0.5,9.327,2
911,1,7.33,1,-2.67,2
911,0,-1.95,1,-11.95,2
911,0,-1.77,1,-7.577,1
911,0,-0.08,0.8,-7.124,1
911,1,1.43,0.5,0.058,1
911,1,9.4,0.2,7.591,1
911,1,9.38,0.5,8.008,1
911,0,7.16,0.8,0.116,1
911,0,-2,1,-7.807,1
911,0,-0.64,0.8,-7.684,1
911,2,0.83,0.2,-0.979,1
911,1,1.75,0.5,0.378,1
911,1,9.99,0.2,8.181,1
911,1,9.61,0.5,8.238,1
911,1,8.12,0.8,1.076,1
911,1,7.99,1,2.183,1
911,0,-1.86,0.8,-8.904,1
911,0,-0.12,0.8,-7.164,1
911,0,0.45,0.5,-0.922,1
911,0,1.67,0.5,0.298,1
911,2,0.99,0.2,-0.819,1
911,1,10.11,0.5,8.738,1
911,1,9.75,0.2,7.941,1
911,1,10.15,0.5,8.778,1
911,1,9.89,0.2,8.081,1
911,0,7.4,0.8,0.356,1
911,1,8.19,1,2.383,1
911,0,-0.22,0.8,-7.264,1
911,0,-0.44,1,-6.247,1
911,0,1.79,0.2,-0.019,1
911,1,9.8,0.5,8.428,1
911,1,10.1,0.2,8.291,1
911,1,10.25,0.5,8.878,1
911,1,8.15,1,2.343,1
911,1,7.05,0.8,0.006,1
911,0,-1.15,0.8,-8.194,1
911,0,-1.3,1,-7.107,1
911,0,0.75,0.5,-0.622,1
911,1,1.69,0.2,-0.119,1
911,1,9.97,0.5,8.598,1
911,1,10.07,0.2,8.261,1
911,1,8.29,1,2.483,1
911,1,7.96,0.8,0.916,1
911,0,-0.85,1,-6.657,1
911,0,0.52,0.8,-6.524,1
911,1,1.73,0.5,0.358,1
911,1,9.78,0.2,7.971,1
911,1,10.16,0.5,8.788,1
911,1,8.87,0.8,1.826,1
911,0,-0.46,1,-6.267,1
911,0,0.62,0.8,-6.424,1
911,0,0.84,0.5,-0.532,1
911,2,0.78,0.2,-1.029,1
911,1,10.25,0.2,8.441,1
911,1,9.24,0.2,7.431,1
911,1,8.13,1,2.323,1
911,0,8.08,0.8,1.036,1
911,0,7.25,0.8,0.206,1
911,0,-1.67,0.8,-8.714,1
911,0,0.84,0.5,-0.532,1
911,1,1.74,0.5,0.368,1
911,1,9.66,0.5,8.288,1
911,1,9.99,0.2,8.181,1
911,1,7.09,0.8,0.046,1
911,1,8.12,1,2.313,1
911,1,-1.55,1,-7.357,1
911,0,-0.52,0.8,-7.564,1
911,0,0.92,0.2,-0.889,1
911,1,9.95,0.2,8.141,1
911,1,10.47,0.5,9.098,1
911,1,8.33,1,2.523,1
911,1,7.22,0.8,0.176,1
911,1,7.55,1,1.743,1
911,0,-1.55,0.8,-8.594,1
911,0,-0.37,1,-6.177,1
911,0,1.04,0.5,-0.332,1
911,1,9.99,0.2,8.181,1
911,0,9.24,0.5,7.868,1
911,0,7.92,1,2.113,1
911,0,8.08,1,2.273,1
911,0,-1.06,1,-6.867,1
911,0,-0.35,0.8,-7.394,1
911,1,9.47,0.2,9.47,2
911,1,9.98,0.5,8.972,2
911,1,7.19,0.5,6.182,2
911,1,7.22,0.5,6.212,2
911,0,-0.92,1,-10.92,2
911,0,-0.31,0.8,-1.514,2
911,2,0.41,0.5,-0.598,2
911,1,1.74,0.5,0.732,2
911,1,1.14,0.2,1.14,2
911,1,9.78,0.2,9.78,2
911,1,9.99,0.5,8.982,2
911,0,7.43,1,-2.57,2
911,0,-1.51,1,-11.51,2
911,2,0.76,0.8,-0.444,2
911,0,0.83,0.5,-0.178,2
911,1,1.2,0.5,0.192,2
911,1,1.77,0.2,1.77,2
911,1,10.1,0.2,10.1,2
911,1,9.55,0.5,8.542,2
911,1,7.88,0.8,6.676,2
911,0,8.9,1,-1.1,2
911,1,7.22,0.8,6.016,2
911,1,-0.37,1,-10.37,2
911,2,0.55,0.8,-0.654,2
911,1,1.01,0.2,1.01,2
911,1,9.34,0.2,9.34,2
911,1,10.18,0.5,9.172,2
911,1,8.16,0.8,6.956,2
911,1,7.97,0.8,6.766,2
911,0,-0.81,0.8,-2.014,2
911,1,1.65,0.5,0.642,2
911,0,1.94,0.2,1.94,2
911,1,10.99,0.5,9.982,2
911,1,9.52,0.2,9.52,2
911,1,8.26,1,-1.74,2
911,1,8.24,0.8,7.036,2
911,0,-0.05,1,-10.05,2
911,0,0.15,0.8,-1.054,2
911,0,0.52,0.5,-0.488,2
911,1,1.65,0.2,1.65,2
911,1,10.11,0.5,9.102,2
911,1,9.57,0.2,9.57,2
911,1,9.25,0.5,8.242,2
911,1,7.86,0.8,6.656,2
911,1,8.02,0.8,6.816,2
911,1,7.62,1,-2.38,2
911,0,-1.96,1,-11.96,2
911,2,0.63,0.5,-0.378,2
911,1,1.19,0.2,1.19,2
911,1,9.21,0.2,9.21,2
911,1,9.19,0.5,8.182,2
911,1,7.86,1,-2.14,2
911,0,7.66,0.8,6.456,2
911,0,-0.22,1,-10.22,2
911,0,0.84,0.8,-0.364,2
911,1,1.62,0.8,0.416,2
911,1,1.09,0.2,1.09,2
911,1,10.24,0.2,10.24,2
911,1,9.67,0.5,8.662,2
911,1,7.84,0.8,6.636,2
911,1,8.05,1,-1.95,2
911,0,-1.26,1,-11.26,2
911,0,-0.16,0.5,-1.168,2
911,1,0.99,0.2,0.99,2
911,1,1.27,0.2,1.27,2
911,1,10.08,0.2,10.08,2
911,1,9.94,0.5,8.932,2
911,1,7.26,0.8,6.056,2
911,1,7.78,1,-2.22,2
911,1,-1.15,1,-11.15,2
911,0,-0.54,0.8,-1.744,2
911,2,0.92,0.5,-0.088,2
911,1,1.54,0.2,1.54,2
911,0,9.92,0.2,9.92,2
911,1,7.27,0.5,6.262,2
911,1,7.55,1,-2.45,2
911,0,-1.95,1,-11.95,2
911,0,-0.11,0.8,-1.314,2
911,0,0.92,0.2,0.92,2
911,1,1.74,0.5,0.732,2
912,1,9.33,0.2,8.021,1
912,1,10.4,0.5,9.261,1
912,2,7.79,0.8,4.348,1
912,0,-2,1,-6.109,1
912,0,-0.03,0.8,-3.472,1
912,1,1.28,0.5,0.141,1
912,1,9.97,0.2,8.661,1
912,1,9.62,0.5,8.481,1
912,1,8.15,0.8,4.708,1
912,1,7.82,0.2,6.511,1
912,0,-0.2,1,-4.309,1
912,0,-0.8,0.8,-4.242,1
912,0,0.6,0.2,-0.709,1
912,1,1.27,0.5,0.131,1
912,1,9.25,0.2,7.941,1
912,1,10.24,0.2,8.931,1
912,1,8.13,1,4.021,1
912,1,7.98,0.5,6.841,1
912,1,7.25,0.2,5.941,1
912,0,-1.35,0.8,-4.792,1
912,0,-0.85,1,-4.959,1
912,0,0.52,0.2,-0.789,1
912,0,0.95,0.5,-0.189,1
912,1,10.75,1,6.641,1
912,1,10.15,0.8,6.708,1
912,1,9.89,0.2,8.581,1
912,1,7.4,1,3.291,1
912,1,7.19,0.2,5.881,1
912,0,-0.22,0.8,-3.662,1
912,0,-0.44,1,-4.549,1
912,1,1.69,0.2,0.381,1
912,1,9.8,0.5,8.661,1
912,1,10.1,0.5,8.961,1
912,1,10.25,0.8,6.808,1
912,1,8.15,0.2,6.841,1
912,1,7.05,0.5,5.911,1
912,0,-1.15,0.8,-4.592,1
912,0,-1.3,1,-5.409,1
912,1,1.75,0.5,0.611,1
912,0,0.89,0.2,-0.419,1
912,1,9.05,0.5,7.911,1
912,1,9.97,0.2,8.661,1
912,1,8.29,0.5,7.151,1
912,1,7.96,0.8,4.518,1
912,0,-1.55,1,-5.659,1
912,0,-0.52,0.8,-3.962,1
912,0,0.92,0.2,-0.389,1
912,1,9.78,0.5,8.641,1
912,1,10.16,0.8,6.718,1
912,1,7.34,0.5,6.201,1
912,1,8.08,1,3.971,1
912,0,-1.46,0.8,-4.902,1
912,0,-0.01,0.5,-1.149,1
912,0,0.92,0.5,-0.219,1
912,0,1.46,1,-2.649,1
912,0,0.85,0.5,-0.289,1
912,1,10.22,0.5,9.081,1
912,1,9.48,0.2,8.171,1
912,1,7.92,1,3.811,1
912,1,8.12,0.8,4.678,1
912,0,-1.67,0.8,-5.112,1
912,0,0.84,0.2,-0.469,1
912,1,1.74,0.5,0.601,1
912,1,9.66,0.5,8.521,1
912,1,9.99,0.2,8.681,1
912,1,7.09,0.8,3.648,1
912,1,8.12,1,4.011,1
912,0,-0.46,1,-4.569,1
912,0,0.62,0.8,-2.822,1
912,0,0.84,0.5,-0.299,1
912,0,0.78,0.2,-0.529,1
912,1,9.95,0.2,8.641,1
912,1,10.47,0.5,9.331,1
912,1,8.33,1,4.221,1
912,1,7.22,0.8,3.778,1
912,1,7.55,1,3.441,1
912,0,-1.55,0.8,-4.992,1
912,0,-0.37,1,-4.479,1
912,0,1.04,0.5,-0.099,1
912,1,9.99,0.2,8.681,1
912,0,-0.27,1,-10.27,2
912,0,-0.4,0.8,-3.904,2
912,0,1.2,0.5,-0.211,2
912,0,0.8,0.2,-0.238,2
912,1,10.37,0.5,8.959,2
912,1,9.25,0.2,8.212,2
912,1,7.17,0.5,5.759,2
912,1,7.33,0.5,5.919,2
912,0,-1.92,1,-11.92,2
912,0,-0.31,0.8,-3.814,2
912,0,0.74,0.5,-0.671,2
912,1,1.14,0.2,0.102,2
912,1,10.1,0.2,9.062,2
912,1,9.55,0.5,8.139,2
912,1,7.88,0.8,4.376,2
912,1,7.9,1,-2.1,2
912,1,7.22,1,-2.78,2
912,0,-1.51,1,-11.51,2
912,0,-0.24,0.8,-3.744,2
912,0,0.83,0.5,-0.581,2
912,1,1.2,0.2,0.162,2
912,1,1.49,0.2,0.452,2
912,1,9.78,0.2,8.742,2
912,1,10.99,0.5,9.579,2
912,1,7.43,1,-2.57,2
912,1,-0.05,1,-10.05,2
912,0,-0.85,0.8,-4.354,2
912,0,0.52,0.5,-0.891,2
912,1,1.65,0.2,0.612,2
912,1,9.83,0.2,8.792,2
912,1,10.34,0.5,8.929,2
912,1,8.68,0.8,5.176,2
912,1,7.97,0.8,4.466,2
912,1,7.52,1,-2.48,2
912,0,-0.89,1,-10.89,2
912,0,0.19,0.8,-3.314,2
912,1,1.65,0.5,0.239,2
912,1,1.62,0.2,0.582,2
912,1,10.26,0.2,9.222,2
912,1,8.24,1,-1.76,2
912,1,7.99,0.8,4.486,2
912,1,-0.96,1,-10.96,2
912,0,0.63,0.5,-0.781,2
912,1,1.45,0.2,0.412,2
912,1,10.55,0.2,9.512,2
912,1,10.22,0.5,8.809,2
912,1,7.33,0.8,3.826,2
912,1,7.47,0.8,3.966,2
912,1,7.95,1,-2.05,2
912,0,-1.22,1,-11.22,2
912,0,-0.16,0.8,-3.664,2
912,0,0.62,0.8,-2.884,2
912,1,1.51,0.2,0.472,2
912,1,10.12,0.5,8.709,2
912,1,9.99,0.2,8.952,2
912,1,8.07,1,-1.93,2
912,1,7.96,0.8,4.456,2
912,0,-1.26,1,-11.26,2
912,0,0.84,0.5,-0.571,2
912,1,1.33,0.2,0.292,2
912,1,9.24,0.2,8.202,2
912,1,10.12,0.5,8.709,2
912,1,7.48,0.8,3.976,2
912,1,7.22,1,-2.78,2
912,0,-1.15,1,-11.15,2
912,0,-0.54,0.8,-4.044,2
912,0,0.92,0.5,-0.491,2
912,0,0.99,0.2,-0.048,2
912,1,1.54,0.2,0.502,2
912,1,10.08,0.2,9.042,2
912,1,9.34,0.5,7.929,2
912,1,7.78,0.8,4.276,2
912,1,8.16,1,-1.84,2
912,0,-1.08,1,-11.08,2
912,0,0.48,0.8,-3.024,2
912,1,1.45,0.2,0.412,2
912,1,10.13,0.2,9.092,2
912,1,10.4,0.5,8.989,2
912,1,7.33,1,-2.67,2
912,0,-1.95,1,-11.95,2
912,0,-1.77,1,-4.665,1
912,0,-0.08,0.8,-3.439,1
912,1,1.43,0.5,0.456,1
912,1,9.4,0.2,8.336,1
912,1,9.38,0.5,8.406,1
912,1,7.16,0.8,3.801,1
912,0,-2,1,-4.895,1
912,0,-0.64,0.8,-3.999,1
912,0,0.83,0.2,-0.234,1
912,1,1.75,0.5,0.776,1
912,1,9.99,0.2,8.926,1
912,1,9.61,0.5,8.636,1
912,1,8.12,0.8,4.761,1
912,1,7.99,1,5.095,1
912,0,-1.86,0.8,-5.219,1
912,0,-0.12,0.8,-3.479,1
912,0,0.45,0.5,-0.524,1
912,1,1.67,0.5,0.696,1
912,0,0.99,0.2,-0.074,1
912,1,10.11,0.5,9.136,1
912,1,9.75,0.2,8.686,1
912,1,10.15,0.5,9.176,1
912,1,9.89,0.2,8.826,1
912,1,7.4,0.8,4.041,1
912,1,8.19,1,5.295,1
912,0,-0.22,0.8,-3.579,1
912,0,-0.44,1,-3.335,1
912,1,1.79,0.2,0.726,1
912,1,9.8,0.5,8.826,1
912,1,10.1,0.2,9.036,1
912,1,10.25,0.5,9.276,1
912,1,8.15,1,5.255,1
912,1,7.05,0.8,3.691,1
912,0,-1.15,0.8,-4.509,1
912,0,-1.3,1,-4.195,1
912,0,0.75,0.5,-0.224,1
912,1,1.69,0.2,0.626,1
912,1,9.97,0.5,8.996,1
912,1,10.07,0.2,9.006,1
912,1,8.29,1,5.395,1
912,1,7.96,0.8,4.601,1
912,0,-0.85,1,-3.745,1
912,0,0.52,0.8,-2.839,1
912,1,1.73,0.5,0.756,1
912,1,9.78,0.2,8.716,1
912,1,10.16,0.5,9.186,1
912,1,8.87,0.8,5.511,1
912,0,-0.46,1,-3.355,1
912,0,0.62,0.8,-2.739,1
912,0,0.84,0.5,-0.134,1
912,0,0.78,0.2,-0.284,1
912,1,10.25,0.2,9.186,1
912,1,9.24,0.2,8.176,1
912,1,8.13,1,5.235,1
912,1,8.08,0.8,4.721,1
912,1,7.25,0.8,3.891,1
912,0,-1.67,0.8,-5.029,1
912,0,0.84,0.5,-0.134,1
912,1,1.74,0.5,0.766,1
912,1,9.66,0.5,8.686,1
912,1,9.99,0.2,8.926,1
912,1,7.09,0.8,3.731,1
912,1,8.12,1,5.225,1
912,0,-1.55,1,-4.445,1
912,0,-0.52,0.8,-3.879,1
912,1,0.92,0.2,-0.144,1
912,1,9.95,0.2,8.886,1
912,1,10.47,0.5,9.496,1
912,1,8.33,1,5.435,1
912,1,7.22,0.8,3.861,1
912,1,7.55,1,4.655,1
912,0,-1.55,0.8,-4.909,1
912,0,-0.37,1,-3.265,1
912,1,1.04,0.5,0.066,1
912,1,9.99,0.2,8.926,1
912,1,9.24,0.5,8.266,1
912,1,7.92,1,5.025,1
912,1,8.08,1,5.185,1
912,0,-1.06,1,-3.955,1
912,0,-0.35,0.8,-3.709,1
912,1,9.47,0.2,8.44,2
912,1,9.98,0.5,8.918,2
912,1,7.19,0.5,6.128,2
912,1,7.22,0.5,6.158,2
912,0,-0.92,1,-10.92,2
912,0,-0.31,0.8,-1.526,2
912,0,0.41,0.5,-0.652,2
912,1,1.74,0.5,0.678,2
912,1,1.14,0.2,0.11,2
912,1,9.78,0.2,8.75,2
912,1,9.99,0.5,8.928,2
912,1,7.43,1,-2.57,2
912,0,-1.51,1,-11.51,2
912,0,0.76,0.8,-0.456,2
912,0,0.83,0.5,-0.232,2
912,1,1.2,0.5,0.138,2
912,1,1.77,0.2,0.74,2
912,1,10.1,0.2,9.07,2
912,1,9.55,0.5,8.488,2
912,1,7.88,0.8,6.664,2
912,1,8.9,1,-1.1,2
912,1,7.22,0.8,6.004,2
912,0,-0.37,1,-10.37,2
912,0,0.55,0.8,-0.666,2
912,1,1.01,0.2,-0.02,2
912,1,9.34,0.2,8.31,2
912,1,10.18,0.5,9.118,2
912,1,8.16,0.8,6.944,2
912,1,7.97,0.8,6.754,2
912,0,-0.81,0.8,-2.026,2
912,1,1.65,0.5,0.588,2
912,1,1.94,0.2,0.91,2
912,1,10.99,0.5,9.928,2
912,1,9.52,0.2,8.49,2
912,1,8.26,1,-1.74,2
912,1,8.24,0.8,7.024,2
912,0,-0.05,1,-10.05,2
912,0,0.15,0.8,-1.066,2
912,0,0.52,0.5,-0.542,2
912,1,1.65,0.2,0.62,2
912,1,10.11,0.5,9.048,2
912,1,9.57,0.2,8.54,2
912,1,9.25,0.5,8.188,2
912,1,7.86,0.8,6.644,2
912,1,8.02,0.8,6.804,2
912,1,7.62,1,-2.38,2
912,0,-1.96,1,-11.96,2
912,0,0.63,0.5,-0.432,2
912,0,1.19,0.2,0.16,2
912,1,9.21,0.2,8.18,2
912,1,9.19,0.5,8.128,2
912,1,7.86,1,-2.14,2
912,1,7.66,0.8,6.444,2
912,0,-0.22,1,-10.22,2
912,0,0.84,0.8,-0.376,2
912,1,1.62,0.8,0.404,2
912,1,1.09,0.2,0.06,2
912,1,10.24,0.2,9.21,2
912,1,9.67,0.5,8.608,2
912,1,7.84,0.8,6.624,2
912,1,8.05,1,-1.95,2
912,0,-1.26,1,-11.26,2
912,0,-0.16,0.5,-1.222,2
912,0,0.99,0.2,-0.04,2
912,1,1.27,0.2,0.24,2
912,1,10.08,0.2,9.05,2
912,1,9.94,0.5,8.878,2
912,1,7.26,0.8,6.044,2
912,1,7.78,1,-2.22,2
912,0,-1.15,1,-11.15,2
912,0,-0.54,0.8,-1.756,2
912,0,0.92,0.5,-0.142,2
912,1,1.54,0.2,0.51,2
912,1,9.92,0.2,8.89,2
912,1,7.27,0.5,6.208,2
912,1,7.55,1,-2.45,2
912,0,-1.95,1,-11.95,2
912,0,-0.11,0.8,-1.326,2
912,0,0.92,0.2,-0.11,2
912,1,1.74,0.5,0.678,2
913,1,9.33,0.2,8.021,2
913,1,10.4,0.5,9.366,2
913,1,7.79,0.8,4.353,2
913,0,-2,1,-6.109,2
913,0,-0.03,0.8,-3.467,2
913,1,1.28,0.5,0.246,2
913,1,9.97,0.2,8.661,2
913,1,9.62,0.5,8.586,2
913,1,8.15,0.8,4.713,2
913,1,7.82,0.2,6.511,2
913,0,-0.2,1,-4.309,2
913,0,-0.8,0.8,-4.237,2
913,0,0.6,0.2,-0.709,2
913,1,1.27,0.5,0.236,2
913,1,9.25,0.2,7.941,2
913,1,10.24,0.2,8.931,2
913,1,8.13,1,4.021,2
913,1,7.98,0.5,6.946,2
913,1,7.25,0.2,5.941,2
913,0,-1.35,0.8,-4.787,2
913,0,-0.85,1,-4.959,2
913,0,0.52,0.2,-0.789,2
913,0,0.95,0.5,-0.084,2
913,1,10.75,1,6.641,2
913,1,10.15,0.8,6.713,2
913,1,9.89,0.2,8.581,2
913,1,7.4,1,3.291,2
913,1,7.19,0.2,5.881,2
913,0,-0.22,0.8,-3.657,2
913,0,-0.44,1,-4.549,2
913,1,1.69,0.2,0.381,2
913,1,9.8,0.5,8.766,2
913,1,10.1,0.5,9.066,2
913,1,10.25,0.8,6.813,2
913,1,8.15,0.2,6.841,2
913,1,7.05,0.5,6.016,2
913,0,-1.15,0.8,-4.587,2
913,0,-1.3,1,-5.409,2
913,1,1.75,0.5,0.716,2
913,0,0.89,0.2,-0.419,2
913,1,9.05,0.5,8.016,2
913,1,9.97,0.2,8.661,2
913,1,8.29,0.5,7.256,2
913,1,7.96,0.8,4.523,2
913,0,-1.55,1,-5.659,2
913,0,-0.52,0.8,-3.957,2
913,0,0.92,0.2,-0.389,2
913,1,9.78,0.5,8.746,2
913,1,10.16,0.8,6.723,2
913,1,7.34,0.5,6.306,2
913,1,8.08,1,3.971,2
913,0,-1.46,0.8,-4.897,2
913,0,-0.01,0.5,-1.044,2
913,0,0.92,0.5,-0.114,2
913,0,1.46,1,-2.649,2
913,0,0.85,0.5,-0.184,2
913,1,10.22,0.5,9.186,2
913,1,9.48,0.2,8.171,2
913,1,7.92,1,3.811,2
913,1,8.12,0.8,4.683,2
913,0,-1.67,0.8,-5.107,2
913,0,0.84,0.2,-0.469,2
913,1,1.74,0.5,0.706,2
913,1,9.66,0.5,8.626,2
913,1,9.99,0.2,8.681,2
913,1,7.09,0.8,3.653,2
913,1,8.12,1,4.011,2
913,0,-0.46,1,-4.569,2
913,0,0.62,0.8,-2.817,2
913,0,0.84,0.5,-0.194,2
913,0,0.78,0.2,-0.529,2
913,1,9.95,0.2,8.641,2
913,1,10.47,0.5,9.436,2
913,1,8.33,1,4.221,2
913,1,7.22,0.8,3.783,2
913,1,7.55,1,3.441,2
913,0,-1.55,0.8,-4.987,2
913,0,-0.37,1,-4.479,2
913,1,1.04,0.5,0.006,2
913,1,9.99,0.2,8.681,2
913,0,-0.27,1,-10.27,1
913,0,-0.4,0.8,-3.904,1
913,1,1.2,0.5,0.13,1
913,0,0.8,0.2,-0.245,1
913,1,10.37,0.5,9.3,1
913,1,9.25,0.2,8.205,1
913,1,7.17,0.5,6.1,1
913,1,7.33,0.5,6.26,1
913,0,-1.92,1,-11.92,1
913,0,-0.31,0.8,-3.814,1
913,0,0.74,0.5,-0.33,1
913,1,1.14,0.2,0.095,1
913,1,10.1,0.2,9.055,1
913,1,9.55,0.5,8.48,1
913,1,7.88,0.8,4.376,1
913,1,7.9,1,-2.1,1
913,1,7.22,1,-2.78,1
913,0,-1.51,1,-11.51,1
913,0,-0.24,0.8,-3.744,1
913,0,0.83,0.5,-0.24,1
913,1,1.2,0.2,0.155,1
913,1,1.49,0.2,0.445,1
913,1,9.78,0.2,8.735,1
913,1,10.99,0.5,9.92,1
913,1,7.43,1,-2.57,1
913,0,-0.05,1,-10.05,1
913,0,-0.85,0.8,-4.354,1
913,0,0.52,0.5,-0.55,1
913,1,1.65,0.2,0.605,1
913,1,9.83,0.2,8.785,1
913,1,10.34,0.5,9.27,1
913,1,8.68,0.8,5.176,1
913,1,7.97,0.8,4.466,1
913,1,7.52,1,-2.48,1
913,0,-0.89,1,-10.89,1
913,0,0.19,0.8,-3.314,1
913,1,1.65,0.5,0.58,1
913,1,1.62,0.2,0.575,1
913,1,10.26,0.2,9.215,1
913,1,8.24,1,-1.76,1
913,1,7.99,0.8,4.486,1
913,0,-0.96,1,-10.96,1
913,0,0.63,0.5,-0.44,1
913,1,1.45,0.2,0.405,1
913,1,10.55,0.2,9.505,1
913,1,10.22,0.5,9.15,1
913,1,7.33,0.8,3.826,1
913,1,7.47,0.8,3.966,1
913,1,7.95,1,-2.05,1
913,0,-1.22,1,-11.22,1
913,0,-0.16,0.8,-3.664,1
913,0,0.62,0.8,-2.884,1
913,1,1.51,0.2,0.465,1
913,1,10.12,0.5,9.05,1
913,1,9.99,0.2,8.945,1
913,1,8.07,1,-1.93,1
913,1,7.96,0.8,4.456,1
913,0,-1.26,1,-11.26,1
913,0,0.84,0.5,-0.23,1
913,1,1.33,0.2,0.285,1
913,1,9.24,0.2,8.195,1
913,1,10.12,0.5,9.05,1
913,1,7.48,0.8,3.976,1
913,1,7.22,1,-2.78,1
913,0,-1.15,1,-11.15,1
913,0,-0.54,0.8,-4.044,1
913,0,0.92,0.5,-0.15,1
913,0,0.99,0.2,-0.055,1
913,0,1.54,0.2,0.495,1
913,1,10.08,0.2,9.035,1
913,1,9.34,0.5,8.27,1
913,1,7.78,0.8,4.276,1
913,1,8.16,1,-1.84,1
913,0,-1.08,1,-11.08,1
913,0,0.48,0.8,-3.024,1
913,1,1.45,0.2,0.405,1
913,1,10.13,0.2,9.085,1
913,1,10.4,0.5,9.33,1
913,1,7.33,1,-2.67,1
913,0,-1.95,1,-11.95,1
913,0,-1.77,1,-9.148,2
913,0,-0.08,0.8,-3.439,2
913,1,1.43,0.5,0.456,2
913,1,9.4,0.2,8.075,2
913,1,9.38,0.5,8.406,2
913,1,7.16,0.8,3.801,2
913,0,-2,1,-9.378,2
913,0,-0.64,0.8,-3.999,2
913,0,0.83,0.2,-0.495,2
913,1,1.75,0.5,0.776,2
913,1,9.99,0.2,8.665,2
913,1,9.61,0.5,8.636,2
913,1,8.12,0.8,4.761,2
913,1,7.99,1,0.612,2
913,0,-1.86,0.8,-5.219,2
913,0,-0.12,0.8,-3.479,2
913,0,0.45,0.5,-0.524,2
913,1,1.67,0.5,0.696,2
913,0,0.99,0.2,-0.335,2
913,1,10.11,0.5,9.136,2
913,1,9.75,0.2,8.425,2
913,1,10.15,0.5,9.176,2
913,1,9.89,0.2,8.565,2
913,1,7.4,0.8,4.041,2
913,1,8.19,1,0.812,2
913,0,-0.22,0.8,-3.579,2
913,0,-0.44,1,-7.818,2
913,1,1.79,0.2,0.465,2
913,1,9.8,0.5,8.826,2
913,1,10.1,0.2,8.775,2
913,1,10.25,0.5,9.276,2
913,1,8.15,1,0.772,2
913,1,7.05,0.8,3.691,2
913,0,-1.15,0.8,-4.509,2
913,0,-1.3,1,-8.678,2
913,0,0.75,0.5,-0.224,2
913,1,1.69,0.2,0.365,2
913,1,9.97,0.5,8.996,2
913,1,10.07,0.2,8.745,2
913,1,8.29,1,0.912,2
913,1,7.96,0.8,4.601,2
913,0,-0.85,1,-8.228,2
913,0,0.52,0.8,-2.839,2
913,1,1.73,0.5,0.756,2
913,1,9.78,0.2,8.455,2
913,1,10.16,0.5,9.186,2
913,1,8.87,0.8,5.511,2
913,0,-0.46,1,-7.838,2
913,0,0.62,0.8,-2.739,2
913,0,0.84,0.5,-0.134,2
913,0,0.78,0.2,-0.545,2
913,1,10.25,0.2,8.925,2
913,1,9.24,0.2,7.915,2
913,1,8.13,1,0.752,2
913,1,8.08,0.8,4.721,2
913,1,7.25,0.8,3.891,2
913,0,-1.67,0.8,-5.029,2
913,0,0.84,0.5,-0.134,2
913,1,1.74,0.5,0.766,2
913,1,9.66,0.5,8.686,2
913,1,9.99,0.2,8.665,2
913,1,7.09,0.8,3.731,2
913,1,8.12,1,0.742,2
913,0,-1.55,1,-8.928,2
913,0,-0.52,0.8,-3.879,2
913,0,0.92,0.2,-0.405,2
913,1,9.95,0.2,8.625,2
913,1,10.47,0.5,9.496,2
913,1,8.33,1,0.952,2
913,1,7.22,0.8,3.861,2
913,0,7.55,1,0.172,2
913,0,-1.55,0.8,-4.909,2
913,0,-0.37,1,-7.748,2
913,1,1.04,0.5,0.066,2
913,1,9.99,0.2,8.665,2
913,1,9.24,0.5,8.266,2
913,1,7.92,1,0.542,2
913,1,8.08,1,0.702,2
913,0,-1.06,1,-8.438,2
913,0,-0.35,0.8,-3.709,2
913,1,9.47,0.2,8.488,1
913,1,9.98,0.5,8.918,1
913,1,7.19,0.5,6.128,1
913,1,7.22,0.5,6.158,1
913,0,-0.92,1,-10.92,1
913,0,-0.31,0.8,-1.526,1
913,0,0.41,0.5,-0.652,1
913,1,1.74,0.5,0.678,1
913,1,1.14,0.2,0.158,1
913,1,9.78,0.2,8.798,1
913,1,9.99,0.5,8.928,1
913,1,7.43,1,-2.57,1
913,0,-1.51,1,-11.51,1
913,0,0.76,0.8,-0.456,1
913,0,0.83,0.5,-0.232,1
913,1,1.2,0.5,0.138,1
913,1,1.77,0.2,0.788,1
913,1,10.1,0.2,9.118,1
913,1,9.55,0.5,8.488,1
913,1,7.88,0.8,6.664,1
913,1,8.9,1,-1.1,1
913,1,7.22,0.8,6.004,1
913,0,-0.37,1,-10.37,1
913,0,0.55,0.8,-0.666,1
913,1,1.01,0.2,0.028,1
913,1,9.34,0.2,8.358,1
913,1,10.18,0.5,9.118,1
913,1,8.16,0.8,6.944,1
913,1,7.97,0.8,6.754,1
913,0,-0.81,0.8,-2.026,1
913,1,1.65,0.5,0.588,1
913,1,1.94,0.2,0.958,1
913,1,10.99,0.5,9.928,1
913,1,9.52,0.2,8.538,1
913,1,8.26,1,-1.74,1
913,1,8.24,0.8,7.024,1
913,0,-0.05,1,-10.05,1
913,0,0.15,0.8,-1.066,1
913,0,0.52,0.5,-0.542,1
913,1,1.65,0.2,0.668,1
913,1,10.11,0.5,9.048,1
913,1,9.57,0.2,8.588,1
913,1,9.25,0.5,8.188,1
913,1,7.86,0.8,6.644,1
913,1,8.02,0.8,6.804,1
913,0,7.62,1,-2.38,1
913,0,-1.96,1,-11.96,1
913,0,0.63,0.5,-0.432,1
913,1,1.19,0.2,0.208,1
913,1,9.21,0.2,8.228,1
913,1,9.19,0.5,8.128,1
913,0,7.86,1,-2.14,1
913,1,7.66,0.8,6.444,1
913,0,-0.22,1,-10.22,1
913,0,0.84,0.8,-0.376,1
913,1,1.62,0.8,0.404,1
913,1,1.09,0.2,0.108,1
913,1,10.24,0.2,9.258,1
913,1,9.67,0.5,8.608,1
913,1,7.84,0.8,6.624,1
913,1,8.05,1,-1.95,1
913,0,-1.26,1,-11.26,1
913,0,-0.16,0.5,-1.222,1
913,0,0.99,0.2,0.008,1
913,1,1.27,0.2,0.288,1
913,1,10.08,0.2,9.098,1
913,1,9.94,0.5,8.878,1
913,1,7.26,0.8,6.044,1
913,0,7.78,1,-2.22,1
913,0,-1.15,1,-11.15,1
913,0,-0.54,0.8,-1.756,1
913,0,0.92,0.5,-0.142,1
913,1,1.54,0.2,0.558,1
913,1,9.92,0.2,8.938,1
913,1,7.27,0.5,6.208,1
913,0,7.55,1,-2.45,1
913,0,-1.95,1,-11.95,1
913,0,-0.11,0.8,-1.326,1
913,0,0.92,0.2,-0.062,1
913,1,1.74,0.5,0.678,1
914,1,9.33,0.2,9.33,1
914,1,10.4,0.5,10.4,1
914,1,7.79,0.8,7.79,1
914,0,-2,1,-6.109,1
914,0,-0.03,0.8,-0.03,1
914,0,1.28,0.5,1.28,1
914,1,9.97,0.2,9.97,1
914,1,9.62,0.5,9.62,1
914,1,8.15,0.8,8.15,1
914,1,7.82,0.2,7.82,1
914,0,-0.2,1,-4.309,1
914,0,-0.8,0.8,-0.8,1
914,0,0.6,0.2,0.6,1
914,0,1.27,0.5,1.27,1
914,1,9.25,0.2,9.25,1
914,1,10.24,0.2,10.24,1
914,1,8.13,1,4.021,1
914,1,7.98,0.5,7.98,1
914,1,7.25,0.2,7.25,1
914,0,-1.35,0.8,-1.35,1
914,0,-0.85,1,-4.959,1
914,0,0.52,0.2,0.52,1
914,0,0.95,0.5,0.95,1
914,1,10.75,1,6.641,1
914,1,10.15,0.8,10.15,1
914,1,9.89,0.2,9.89,1
914,1,7.4,1,3.291,1
914,1,7.19,0.2,7.19,1
914,0,-0.22,0.8,-0.22,1
914,0,-0.44,1,-4.549,1
914,0,1.69,0.2,1.69,1
914,1,9.8,0.5,9.8,1
914,1,10.1,0.5,10.1,1
914,1,10.25,0.8,10.25,1
914,1,8.15,0.2,8.15,1
914,1,7.05,0.5,7.05,1
914,0,-1.15,0.8,-1.15,1
914,0,-1.3,1,-5.409,1
914,0,1.75,0.5,1.75,1
914,0,0.89,0.2,0.89,1
914,1,9.05,0.5,9.05,1
914,1,9.97,0.2,9.97,1
914,1,8.29,0.5,8.29,1
914,1,7.96,0.8,7.96,1
914,0,-1.55,1,-5.659,1
914,0,-0.52,0.8,-0.52,1
914,0,0.92,0.2,0.92,1
914,1,9.78,0.5,9.78,1
914,1,10.16,0.8,10.16,1
914,1,7.34,0.5,7.34,1
914,1,8.08,1,3.971,1
914,0,-1.46,0.8,-1.46,1
914,0,-0.01,0.5,-0.01,1
914,0,0.92,0.5,0.92,1
914,0,1.46,1,-2.649,1
914,0,0.85,0.5,0.85,1
914,1,10.22,0.5,10.22,1
914,1,9.48,0.2,9.48,1
914,1,7.92,1,3.811,1
914,1,8.12,0.8,8.12,1
914,0,-1.67,0.8,-1.67,1
914,0,0.84,0.2,0.84,1
914,0,1.74,0.5,1.74,1
914,1,9.66,0.5,9.66,1
914,1,9.99,0.2,9.99,1
914,1,7.09,0.8,7.09,1
914,1,8.12,1,4.011,1
914,0,-0.46,1,-4.569,1
914,0,0.62,0.8,0.62,1
914,0,0.84,0.5,0.84,1
914,0,0.78,0.2,0.78,1
914,1,9.95,0.2,9.95,1
914,1,10.47,0.5,10.47,1
914,1,8.33,1,4.221,1
914,1,7.22,0.8,7.22,1
914,1,7.55,1,3.441,1
914,1,-1.55,0.8,-1.55,1
914,0,-0.37,1,-4.479,1
914,0,1.04,0.5,1.04,1
914,1,9.99,0.2,9.99,1
914,0,-0.27,1,-10.27,2
914,0,-0.4,0.8,-3.904,2
914,0,1.2,0.5,1.2,2
914,0,0.8,0.2,-0.257,2
914,1,10.37,0.5,10.37,2
914,1,9.25,0.2,8.193,2
914,1,7.17,0.5,7.17,2
914,1,7.33,0.5,7.33,2
914,0,-1.92,1,-11.92,2
914,0,-0.31,0.8,-3.814,2
914,0,0.74,0.5,0.74,2
914,1,1.14,0.2,0.083,2
914,1,10.1,0.2,9.043,2
914,1,9.55,0.5,9.55,2
914,1,7.88,0.8,4.376,2
914,1,7.9,1,-2.1,2
914,1,7.22,1,-2.78,2
914,0,-1.51,1,-11.51,2
914,0,-0.24,0.8,-3.744,2
914,0,0.83,0.5,0.83,2
914,1,1.2,0.2,0.143,2
914,1,1.49,0.2,0.433,2
914,1,9.78,0.2,8.723,2
914,1,10.99,0.5,10.99,2
914,1,7.43,1,-2.57,2
914,0,-0.05,1,-10.05,2
914,0,-0.85,0.8,-4.354,2
914,0,0.52,0.5,0.52,2
914,1,1.65,0.2,0.593,2
914,1,9.83,0.2,8.773,2
914,1,10.34,0.5,10.34,2
914,1,8.68,0.8,5.176,2
914,1,7.97,0.8,4.466,2
914,1,7.52,1,-2.48,2
914,0,-0.89,1,-10.89,2
914,0,0.19,0.8,-3.314,2
914,0,1.65,0.5,1.65,2
914,1,1.62,0.2,0.563,2
914,1,10.26,0.2,9.203,2
914,1,8.24,1,-1.76,2
914,1,7.99,0.8,4.486,2
914,0,-0.96,1,-10.96,2
914,0,0.63,0.5,0.63,2
914,0,1.45,0.2,0.393,2
914,1,10.55,0.2,9.493,2
914,1,10.22,0.5,10.22,2
914,1,7.33,0.8,3.826,2
914,1,7.47,0.8,3.966,2
914,1,7.95,1,-2.05,2
914,0,-1.22,1,-11.22,2
914,0,-0.16,0.8,-3.664,2
914,0,0.62,0.8,-2.884,2
914,1,1.51,0.2,0.453,2
914,1,10.12,0.5,10.12,2
914,1,9.99,0.2,8.933,2
914,1,8.07,1,-1.93,2
914,1,7.96,0.8,4.456,2
914,0,-1.26,1,-11.26,2
914,0,0.84,0.5,0.84,2
914,1,1.33,0.2,0.273,2
914,1,9.24,0.2,8.183,2
914,1,10.12,0.5,10.12,2
914,1,7.48,0.8,3.976,2
914,1,7.22,1,-2.78,2
914,0,-1.15,1,-11.15,2
914,0,-0.54,0.8,-4.044,2
914,0,0.92,0.5,0.92,2
914,0,0.99,0.2,-0.067,2
914,1,1.54,0.2,0.483,2
914,1,10.08,0.2,9.023,2
914,1,9.34,0.5,9.34,2
914,1,7.78,0.8,4.276,2
914,1,8.16,1,-1.84,2
914,0,-1.08,1,-11.08,2
914,0,0.48,0.8,-3.024,2
914,1,1.45,0.2,0.393,2
914,1,10.13,0.2,9.073,2
914,1,10.4,0.5,10.4,2
914,1,7.33,1,-2.67,2
914,0,-1.95,1,-11.95,2
914,0,-1.77,1,-4.665,1
914,0,-0.08,0.8,-3.439,1
914,0,1.43,0.5,-0.434,1
914,1,9.4,0.2,8.075,1
914,1,9.38,0.5,7.516,1
914,1,7.16,0.8,3.801,1
914,0,-2,1,-4.895,1
914,0,-0.64,0.8,-3.999,1
914,0,0.83,0.2,-0.495,1
914,0,1.75,0.5,-0.114,1
914,1,9.99,0.2,8.665,1
914,1,9.61,0.5,7.746,1
914,1,8.12,0.8,4.761,1
914,1,7.99,1,5.095,1
914,0,-1.86,0.8,-5.219,1
914,0,-0.12,0.8,-3.479,1
914,0,0.45,0.5,-1.414,1
914,0,1.67,0.5,-0.194,1
914,0,0.99,0.2,-0.335,1
914,1,10.11,0.5,8.246,1
914,1,9.75,0.2,8.425,1
914,1,10.15,0.5,8.286,1
914,1,9.89,0.2,8.565,1
914,1,7.4,0.8,4.041,1
914,1,8.19,1,5.295,1
914,0,-0.22,0.8,-3.579,1
914,0,-0.44,1,-3.335,1
914,1,1.79,0.2,0.465,1
914,1,9.8,0.5,7.936,1
914,1,10.1,0.2,8.775,1
914,1,10.25,0.5,8.386,1
914,1,8.15,1,5.255,1
914,1,7.05,0.8,3.691,1
914,0,-1.15,0.8,-4.509,1
914,0,-1.3,1,-4.195,1
914,0,0.75,0.5,-1.114,1
914,1,1.69,0.2,0.365,1
914,1,9.97,0.5,8.106,1
914,1,10.07,0.2,8.745,1
914,1,8.29,1,5.395,1
914,1,7.96,0.8,4.601,1
914,0,-0.85,1,-3.745,1
914,0,0.52,0.8,-2.839,1
914,1,1.73,0.5,-0.134,1
914,1,9.78,0.2,8.455,1
914,1,10.16,0.5,8.296,1
914,1,8.87,0.8,5.511,1
914,0,-0.46,1,-3.355,1
914,0,0.62,0.8,-2.739,1
914,0,0.84,0.5,-1.024,1
914,0,0.78,0.2,-0.545,1
914,1,10.25,0.2,8.925,1
914,1,9.24,0.2,7.915,1
914,1,8.13,1,5.235,1
914,1,8.08,0.8,4.721,1
914,1,7.25,0.8,3.891,1
914,0,-1.67,0.8,-5.029,1
914,0,0.84,0.5,-1.024,1
914,0,1.74,0.5,-0.124,1
914,1,9.66,0.5,7.796,1
914,1,9.99,0.2,8.665,1
914,1,7.09,0.8,3.731,1
914,1,8.12,1,5.225,1
914,0,-1.55,1,-4.445,1
914,0,-0.52,0.8,-3.879,1
914,0,0.92,0.2,-0.405,1
914,1,9.95,0.2,8.625,1
914,1,10.47,0.5,8.606,1
914,1,8.33,1,5.435,1
914,1,7.22,0.8,3.861,1
914,1,7.55,1,4.655,1
914,0,-1.55,0.8,-4.909,1
914,0,-0.37,1,-3.265,1
914,0,1.04,0.5,-0.824,1
914,1,9.99,0.2,8.665,1
914,1,9.24,0.5,7.376,1
914,1,7.92,1,5.025,1
914,1,8.08,1,5.185,1
914,0,-1.06,1,-3.955,1
914,0,-0.35,0.8,-3.709,1
914,0,9.47,0.2,8.28,2
914,1,9.98,0.5,8.402,2
914,1,7.19,0.5,5.612,2
914,1,7.22,0.5,5.642,2
914,0,-0.92,1,-10.92,2
914,0,-0.31,0.8,-4.422,2
914,0,0.41,0.5,-1.168,2
914,1,1.74,0.5,0.162,2
914,1,1.14,0.2,-0.05,2
914,1,9.78,0.2,8.59,2
914,1,9.99,0.5,8.412,2
914,1,7.43,1,-2.57,2
914,0,-1.51,1,-11.51,2
914,0,0.76,0.8,-3.352,2
914,0,0.83,0.5,-0.748,2
914,0,1.2,0.5,-0.378,2
914,1,1.77,0.2,0.58,2
914,1,10.1,0.2,8.91,2
914,1,9.55,0.5,7.972,2
914,1,7.88,0.8,3.768,2
914,1,8.9,1,-1.1,2
914,1,7.22,0.8,3.108,2
914,0,-0.37,1,-10.37,2
914,0,0.55,0.8,-3.562,2
914,0,1.01,0.2,-0.18,2
914,1,9.34,0.2,8.15,2
914,1,10.18,0.5,8.602,2
914,1,8.16,0.8,4.048,2
914,1,7.97,0.8,3.858,2
914,0,-0.81,0.8,-4.922,2
914,1,1.65,0.5,0.072,2
914,1,1.94,0.2,0.75,2
914,1,10.99,0.5,9.412,2
914,1,9.52,0.2,8.33,2
914,1,8.26,1,-1.74,2
914,1,8.24,0.8,4.128,2
914,1,-0.05,1,-10.05,2
914,0,0.15,0.8,-3.962,2
914,0,0.52,0.5,-1.058,2
914,1,1.65,0.2,0.46,2
914,1,10.11,0.5,8.532,2
914,1,9.57,0.2,8.38,2
914,1,9.25,0.5,7.672,2
914,1,7.86,0.8,3.748,2
914,1,8.02,0.8,3.908,2
914,1,7.62,1,-2.38,2
914,0,-1.96,1,-11.96,2
914,0,0.63,0.5,-0.948,2
914,0,1.19,0.2,-2.2204e-16,2
914,1,9.21,0.2,8.02,2
914,1,9.19,0.5,7.612,2
914,1,7.86,1,-2.14,2
914,1,7.66,0.8,3.548,2
914,0,-0.22,1,-10.22,2
914,0,0.84,0.8,-3.272,2
914,0,1.62,0.8,-2.492,2
914,0,1.09,0.2,-0.1,2
914,1,10.24,0.2,9.05,2
914,1,9.67,0.5,8.092,2
914,1,7.84,0.8,3.728,2
914,1,8.05,1,-1.95,2
914,0,-1.26,1,-11.26,2
914,0,-0.16,0.5,-1.738,2
914,0,0.99,0.2,-0.2,2
914,1,1.27,0.2,0.08,2
914,1,10.08,0.2,8.89,2
914,1,9.94,0.5,8.362,2
914,1,7.26,0.8,3.148,2
914,1,7.78,1,-2.22,2
914,0,-1.15,1,-11.15,2
914,0,-0.54,0.8,-4.652,2
914,0,0.92,0.5,-0.658,2
914,1,1.54,0.2,0.35,2
914,1,9.92,0.2,8.73,2
914,1,7.27,0.5,5.692,2
914,1,7.55,1,-2.45,2
914,0,-1.95,1,-11.95,2
914,0,-0.11,0.8,-4.222,2
914,0,0.92,0.2,-0.27,2
914,0,1.74,0.5,0.162,2
