902,1,9.33,0.2,9.2536,2
902,1,10.4,0.5,9.4245,2
902,1,7.79,0.8,4.187,2
902,0,-2,1,-8.7,2
902,0,-0.03,0.8,-3.633,2
902,0,1.28,0.5,0.30454,2
902,1,9.97,0.2,9.8936,2
902,0,9.62,0.5,8.6445,2
902,1,8.15,0.8,4.547,2
902,1,7.82,0.2,7.7436,2
902,0,-0.2,1,-6.9,2
902,0,-0.8,0.8,-4.403,2
902,0,0.6,0.2,0.52363,2
902,0,1.27,0.5,0.29454,2
902,1,9.25,0.2,9.1736,2
902,1,10.24,0.2,10.164,2
902,0,8.13,1,1.43,2
902,1,7.98,0.5,7.0045,2
902,1,7.25,0.2,7.1736,2
902,0,-1.35,0.8,-4.953,2
902,0,-0.85,1,-7.55,2
902,0,0.52,0.2,0.44363,2
902,0,0.95,0.5,-0.025464,2
902,0,10.75,1,4.05,2
902,1,10.15,0.8,6.547,2
902,1,9.89,0.2,9.8136,2
902,1,7.4,1,0.7,2
902,1,7.19,0.2,7.1136,2
902,0,-0.22,0.8,-3.823,2
902,0,-0.44,1,-7.14,2
902,1,1.69,0.2,1.6136,2
902,1,9.8,0.5,8.8245,2
902,1,10.1,0.5,9.1245,2
902,1,10.25,0.8,6.647,2
902,1,8.15,0.2,8.0736,2
902,1,7.05,0.5,6.0745,2
902,0,-1.15,0.8,-4.753,2
902,0,-1.3,1,-8,2
902,1,1.75,0.5,0.77454,2
902,0,0.89,0.2,0.81363,2
902,1,9.05,0.5,8.0745,2
902,1,9.97,0.2,9.8936,2
902,1,8.29,0.5,7.3145,2
902,1,7.96,0.8,4.357,2
902,0,-1.55,1,-8.25,2
902,0,-0.52,0.8,-4.123,2
902,1,0.92,0.2,0.84363,2
902,1,9.78,0.5,8.8045,2
902,1,10.16,0.8,6.557,2
902,1,7.34,0.5,6.3645,2
902,0,8.08,1,1.38,2
902,0,-1.46,0.8,-5.063,2
902,0,-0.01,0.5,-0.98546,2
902,0,0.92,0.5,-0.055464,2
902,0,1.46,1,-5.24,2
902,0,0.85,0.5,-0.12546,2
902,1,10.22,0.5,9.2445,2
902,1,9.48,0.2,9.4036,2
902,0,7.92,1,1.22,2
902,1,8.12,0.8,4.517,2
902,0,-1.67,0.8,-5.273,2
902,0,0.84,0.2,0.76363,2
902,1,1.74,0.5,0.76454,2
902,1,9.66,0.5,8.6845,2
902,1,9.99,0.2,9.9136,2
902,1,7.09,0.8,3.487,2
902,0,8.12,1,1.42,2
902,0,-0.46,1,-7.16,2
902,0,0.62,0.8,-2.983,2
902,0,0.84,0.5,-0.13546,2
902,0,0.78,0.2,0.70363,2
902,1,9.95,0.2,9.8736,2
902,1,10.47,0.5,9.4945,2
902,0,8.33,1,1.63,2
902,0,7.22,0.8,3.617,2
902,0,7.55,1,0.85,2
902,0,-1.55,0.8,-5.153,2
902,0,-0.37,1,-7.07,2
902,0,1.04,0.5,0.064536,2
902,0,9.99,0.2,9.9136,2
902,0,-0.27,1,-6.97,2
902,0,-0.4,0.8,-4.003,2
902,0,1.2,0.5,0.22454,2
902,0,0.8,0.2,0.72363,2
902,1,10.37,0.5,9.3945,2
902,1,9.25,0.2,9.1736,2
902,1,7.17,0.5,6.1945,2
902,1,7.33,0.5,6.3545,2
902,0,-1.92,1,-8.62,2
902,0,-0.31,0.8,-3.913,2
902,0,0.74,0.5,-0.23546,2
902,1,1.14,0.2,1.0636,2
902,1,10.1,0.2,10.024,2
902,1,9.55,0.5,8.5745,2
902,0,7.88,0.8,4.277,2
902,0,7.9,1,1.2,2
902,0,7.22,1,0.52,2
902,0,-1.51,1,-8.21,2
902,1,-0.24,0.8,-3.843,2
902,0,0.83,0.5,-0.14546,2
902,1,1.2,0.2,1.1236,2
902,1,1.49,0.2,1.4136,2
902,1,9.78,0.2,9.7036,2
902,1,10.99,0.5,10.015,2
902,1,7.43,1,0.73,2
902,0,-0.05,1,-6.75,2
902,0,-0.85,0.8,-4.453,2
902,0,0.52,0.5,-0.45546,2
902,0,1.65,0.2,1.5736,2
902,1,9.83,0.2,9.7536,2
902,1,10.34,0.5,9.3645,2
902,1,8.68,0.8,5.077,2
902,1,7.97,0.8,4.367,2
902,0,7.52,1,0.82,2
902,0,-0.89,1,-7.59,2
902,0,0.19,0.8,-3.413,2
902,0,1.65,0.5,0.67454,2
902,1,1.62,0.2,1.5436,2
902,1,10.26,0.2,10.184,2
902,0,8.24,1,1.54,2
902,1,7.99,0.8,4.387,2
902,0,-0.96,1,-7.66,2
902,0,0.63,0.5,-0.34546,2
902,1,1.45,0.2,1.3736,2
902,1,10.55,0.2,10.474,2
902,1,10.22,0.5,9.2445,2
902,1,7.33,0.8,3.727,2
902,0,7.47,0.8,3.867,2
902,0,7.95,1,1.25,2
902,0,-1.22,1,-7.92,2
902,0,-0.16,0.8,-3.763,2
902,0,0.62,0.8,-2.983,2
902,1,1.51,0.2,1.4336,2
902,1,10.12,0.5,9.1445,2
902,1,9.99,0.2,9.9136,2
902,0,8.07,1,1.37,2
902,1,7.96,0.8,4.357,2
902,0,-1.26,1,-7.96,2
902,0,0.84,0.5,-0.13546,2
902,1,1.33,0.2,1.2536,2
902,1,9.24,0.2,9.1636,2
902,1,10.12,0.5,9.1445,2
902,1,7.48,0.8,3.877,2
902,0,7.22,1,0.52,2
902,0,-1.15,1,-7.85,2
902,0,-0.54,0.8,-4.143,2
902,0,0.92,0.5,-0.055464,2
902,0,0.99,0.2,0.91363,2
902,1,1.54,0.2,1.4636,2
902,1,10.08,0.2,10.004,2
902,1,9.34,0.5,8.3645,2
902,1,7.78,0.8,4.177,2
902,0,8.16,1,1.46,2
902,0,-1.08,1,-7.78,2
902,0,0.48,0.8,-3.123,2
902,1,1.45,0.2,1.3736,2
902,1,10.13,0.2,10.054,2
902,1,10.4,0.5,9.4245,2
902,1,7.33,1,0.63,2
902,0,-1.95,1,-8.65,2
902,0,-1.77,1,-8.47,1
902,0,-0.08,0.8,-3.683,1
902,1,1.43,0.5,0.45454,1
902,1,9.4,0.2,9.3236,1
902,0,9.38,0.5,8.4045,1
902,1,7.16,0.8,3.557,1
902,0,-2,1,-8.7,1
902,0,-0.64,0.8,-4.243,1
902,0,0.83,0.2,0.75363,1
902,1,1.75,0.5,0.77454,1
902,1,9.99,0.2,9.9136,1
902,1,9.61,0.5,8.6345,1
902,1,8.12,0.8,4.517,1
902,1,7.99,1,1.29,1
902,0,-1.86,0.8,-5.463,1
902,0,-0.12,0.8,-3.723,1
902,0,0.45,0.5,-0.52546,1
902,0,1.67,0.5,0.69454,1
902,0,0.99,0.2,0.91363,1
902,1,10.11,0.5,9.1345,1
902,1,9.75,0.2,9.6736,1
902,1,10.15,0.5,9.1745,1
902,1,9.89,0.2,9.8136,1
902,1,7.4,0.8,3.797,1
902,0,8.19,1,1.49,1
902,0,-0.22,0.8,-3.823,1
902,0,-0.44,1,-7.14,1
902,0,1.79,0.2,1.7136,1
902,1,9.8,0.5,8.8245,1
902,1,10.1,0.2,10.024,1
902,1,10.25,0.5,9.2745,1
902,1,8.15,1,1.45,1
902,1,7.05,0.8,3.447,1
902,0,-1.15,0.8,-4.753,1
902,0,-1.3,1,-8,1
902,0,0.75,0.5,-0.22546,1
902,1,1.69,0.2,1.6136,1
902,1,9.97,0.5,8.9945,1
902,1,10.07,0.2,9.9936,1
902,0,8.29,1,1.59,1
902,1,7.96,0.8,4.357,1
902,0,-0.85,1,-7.55,1
902,0,0.52,0.8,-3.083,1
902,1,1.73,0.5,0.75454,1
902,1,9.78,0.2,9.7036,1
902,1,10.16,0.5,9.1845,1
902,1,8.87,0.8,5.267,1
902,0,-0.46,1,-7.16,1
902,0,0.62,0.8,-2.983,1
902,0,0.84,0.5,-0.13546,1
902,0,0.78,0.2,0.70363,1
902,1,10.25,0.2,10.174,1
902,1,9.24,0.2,9.1636,1
902,1,8.13,1,1.43,1
902,1,8.08,0.8,4.477,1
902,1,7.25,0.8,3.647,1
902,0,-1.67,0.8,-5.273,1
902,1,0.84,0.5,-0.13546,1
902,1,1.74,0.5,0.76454,1
902,1,9.66,0.5,8.6845,1
902,1,9.99,0.2,9.9136,1
902,1,7.09,0.8,3.487,1
902,1,8.12,1,1.42,1
902,0,-1.55,1,-8.25,1
902,0,-0.52,0.8,-4.123,1
902,0,0.92,0.2,0.84363,1
902,1,9.95,0.2,9.8736,1
902,1,10.47,0.5,9.4945,1
902,1,8.33,1,1.63,1
902,1,7.22,0.8,3.617,1
902,0,7.55,1,0.85,1
902,0,-1.55,0.8,-5.153,1
902,0,-0.37,1,-7.07,1
902,0,1.04,0.5,0.064536,1
902,1,9.99,0.2,9.9136,1
902,1,9.24,0.5,8.2645,1
902,0,7.92,1,1.22,1
902,0,8.08,1,1.38,1
902,0,-1.06,1,-7.76,1
902,0,-0.35,0.8,-3.953,1
902,1,9.47,0.2,9.3936,1
902,1,9.98,0.5,9.0045,1
902,1,7.19,0.5,6.2145,1
902,1,7.22,0.5,6.2445,1
902,0,-0.92,1,-7.62,1
902,0,-0.31,0.8,-3.913,1
902,0,0.41,0.5,-0.56546,1
902,0,1.74,0.5,0.76454,1
902,1,1.14,0.2,1.0636,1
902,1,9.78,0.2,9.7036,1
902,0,9.99,0.5,9.0145,1
902,0,7.43,1,0.73,1
902,0,-1.51,1,-8.21,1
902,0,0.76,0.8,-2.843,1
902,0,0.83,0.5,-0.14546,1
902,0,1.2,0.5,0.22454,1
902,1,1.77,0.2,1.6936,1
902,1,10.1,0.2,10.024,1
902,1,9.55,0.5,8.5745,1
902,1,7.88,0.8,4.277,1
902,1,8.9,1,2.2,1
902,1,7.22,0.8,3.617,1
902,0,-0.37,1,-7.07,1
902,0,0.55,0.8,-3.053,1
902,0,1.01,0.2,0.93363,1
902,1,9.34,0.2,9.2636,1
902,1,10.18,0.5,9.2045,1
902,1,8.16,0.8,4.557,1
902,1,7.97,0.8,4.367,1
902,0,-0.81,0.8,-4.413,1
902,0,1.65,0.5,0.67454,1
902,1,1.94,0.2,1.8636,1
902,1,10.99,0.5,10.015,1
902,1,9.52,0.2,9.4436,1
902,0,8.26,1,1.56,1
902,1,8.24,0.8,4.637,1
902,0,-0.05,1,-6.75,1
902,0,0.15,0.8,-3.453,1
902,0,0.52,0.5,-0.45546,1
902,1,1.65,0.2,1.5736,1
902,1,10.11,0.5,9.1345,1
902,1,9.57,0.2,9.4936,1
902,1,9.25,0.5,8.2745,1
902,1,7.86,0.8,4.257,1
902,1,8.02,0.8,4.417,1
902,0,7.62,1,0.92,1
902,0,-1.96,1,-8.66,1
902,0,0.63,0.5,-0.34546,1
902,1,1.19,0.2,1.1136,1
902,1,9.21,0.2,9.1336,1
902,1,9.19,0.5,8.2145,1
902,0,7.86,1,1.16,1
902,1,7.66,0.8,4.057,1
902,0,-0.22,1,-6.92,1
902,0,0.84,0.8,-2.763,1
902,0,1.62,0.8,-1.983,1
902,1,1.09,0.2,1.0136,1
902,1,10.24,0.2,10.164,1
902,1,9.67,0.5,8.6945,1
902,1,7.84,0.8,4.237,1
902,0,8.05,1,1.35,1
902,0,-1.26,1,-7.96,1
902,0,-0.16,0.5,-1.1355,1
902,0,0.99,0.2,0.91363,1
902,1,1.27,0.2,1.1936,1
902,1,10.08,0.2,10.004,1
902,1,9.94,0.5,8.9645,1
902,1,7.26,0.8,3.657,1
902,0,7.78,1,1.08,1
902,0,-1.15,1,-7.85,1
902,0,-0.54,0.8,-4.143,1
902,0,0.92,0.5,-0.055464,1
902,1,1.54,0.2,1.4636,1
902,1,9.92,0.2,9.8436,1
902,1,7.27,0.5,6.2945,1
902,0,7.55,1,0.85,1
902,0,-1.95,1,-8.65,1
902,0,-0.11,0.8,-3.713,1
902,0,0.92,0.2,0.84363,1
902,1,1.74,0.5,0.76454,1
904,1,9.33,0.2,9.212,1
904,1,10.4,0.5,10.192,1
904,1,7.79,0.8,7.5113,1
904,0,-2,1,-2.32,1
904,0,-0.03,0.8,-0.30865,1
904,1,1.28,0.5,1.0718,1
904,1,9.97,0.2,9.852,1
904,1,9.62,0.5,9.4118,1
904,1,8.15,0.8,7.8713,1
904,1,7.82,0.2,7.702,1
904,0,-0.2,1,-0.52,1
904,0,-0.8,0.8,-1.0787,1
904,0,0.6,0.2,0.48203,1
904,1,1.27,0.5,1.0618,1
904,1,9.25,0.2,9.132,1
904,1,10.24,0.2,10.122,1
904,1,8.13,1,7.81,1
904,1,7.98,0.5,7.7718,1
904,1,7.25,0.2,7.132,1
904,0,-1.35,0.8,-1.6287,1
904,0,-0.85,1,-1.17,1
904,0,0.52,0.2,0.40203,1
904,0,0.95,0.5,0.74179,1
904,1,10.75,1,10.43,1
904,1,10.15,0.8,9.8713,1
904,1,9.89,0.2,9.772,1
904,1,7.4,1,7.08,1
904,1,7.19,0.2,7.072,1
904,0,-0.22,0.8,-0.49865,1
904,0,-0.44,1,-0.76,1
904,0,1.69,0.2,1.572,1
904,1,9.8,0.5,9.5918,1
904,1,10.1,0.5,9.8918,1
904,1,10.25,0.8,9.9713,1
904,1,8.15,0.2,8.032,1
904,1,7.05,0.5,6.8418,1
904,0,-1.15,0.8,-1.4287,1
904,0,-1.3,1,-1.62,1
904,1,1.75,0.5,1.5418,1
904,0,0.89,0.2,0.77203,1
904,1,9.05,0.5,8.8418,1
904,1,9.97,0.2,9.852,1
904,1,8.29,0.5,8.0818,1
904,1,7.96,0.8,7.6813,1
904,0,-1.55,1,-1.87,1
904,0,-0.52,0.8,-0.79865,1
904,0,0.92,0.2,0.80203,1
904,1,9.78,0.5,9.5718,1
904,1,10.16,0.8,9.8813,1
904,1,7.34,0.5,7.1318,1
904,1,8.08,1,7.76,1
904,0,-1.46,0.8,-1.7387,1
904,0,-0.01,0.5,-0.21821,1
904,0,0.92,0.5,0.71179,1
904,0,1.46,1,1.14,1
904,0,0.85,0.5,0.64179,1
904,1,10.22,0.5,10.012,1
904,1,9.48,0.2,9.362,1
904,1,7.92,1,7.6,1
904,1,8.12,0.8,7.8413,1
904,0,-1.67,0.8,-1.9487,1
904,0,0.84,0.2,0.72203,1
904,1,1.74,0.5,1.5318,1
904,1,9.66,0.5,9.4518,1
904,1,9.99,0.2,9.872,1
904,1,7.09,0.8,6.8113,1
904,1,8.12,1,7.8,1
904,0,-0.46,1,-0.78,1
904,0,0.62,0.8,0.34135,1
904,0,0.84,0.5,0.63179,1
904,0,0.78,0.2,0.66203,1
904,1,9.95,0.2,9.832,1
904,1,10.47,0.5,10.262,1
904,1,8.33,1,8.01,1
904,1,7.22,0.8,6.9413,1
904,1,7.55,1,7.23,1
904,0,-1.55,0.8,-1.8287,1
904,0,-0.37,1,-0.69,1
904,0,1.04,0.5,0.83179,1
904,1,9.99,0.2,9.872,1
904,0,-0.27,1,-0.59,2
904,0,-0.4,0.8,-0.67865,2
904,0,1.2,0.5,0.99179,2
904,0,0.8,0.2,0.68203,2
904,1,10.37,0.5,10.162,2
904,1,9.25,0.2,9.132,2
904,1,7.17,0.5,6.9618,2
904,1,7.33,0.5,7.1218,2
904,0,-1.92,1,-2.24,2
904,0,-0.31,0.8,-0.58865,2
904,0,0.74,0.5,0.53179,2
904,1,1.14,0.2,1.022,2
904,1,10.1,0.2,9.982,2
904,1,9.55,0.5,9.3418,2
904,1,7.88,0.8,7.6013,2
904,1,7.9,1,7.58,2
904,1,7.22,1,6.9,2
904,0,-1.51,1,-1.83,2
904,0,-0.24,0.8,-0.51865,2
904,0,0.83,0.5,0.62179,2
904,1,1.2,0.2,1.082,2
904,1,1.49,0.2,1.372,2
904,1,9.78,0.2,9.662,2
904,1,10.99,0.5,10.782,2
904,1,7.43,1,7.11,2
904,0,-0.05,1,-0.37,2
904,0,-0.85,0.8,-1.1287,2
904,0,0.52,0.5,0.31179,2
904,1,1.65,0.2,1.532,2
904,1,9.83,0.2,9.712,2
904,1,10.34,0.5,10.132,2
904,1,8.68,0.8,8.4013,2
904,1,7.97,0.8,7.6913,2
904,1,7.52,1,7.2,2
904,0,-0.89,1,-1.21,2
904,0,0.19,0.8,-0.088654,2
904,1,1.65,0.5,1.4418,2
904,1,1.62,0.2,1.502,2
904,1,10.26,0.2,10.142,2
904,1,8.24,1,7.92,2
904,1,7.99,0.8,7.7113,2
904,0,-0.96,1,-1.28,2
904,1,0.63,0.5,0.42179,2
904,1,1.45,0.2,1.332,2
904,1,10.55,0.2,10.432,2
904,1,10.22,0.5,10.012,2
904,1,7.33,0.8,7.0513,2
904,1,7.47,0.8,7.1913,2
904,1,7.95,1,7.63,2
904,0,-1.22,1,-1.54,2
904,0,-0.16,0.8,-0.43865,2
904,0,0.62,0.8,0.34135,2
904,1,1.51,0.2,1.392,2
904,1,10.12,0.5,9.9118,2
904,1,9.99,0.2,9.872,2
904,1,8.07,1,7.75,2
904,1,7.96,0.8,7.6813,2
904,0,-1.26,1,-1.58,2
904,0,0.84,0.5,0.63179,2
904,1,1.33,0.2,1.212,2
904,1,9.24,0.2,9.122,2
904,1,10.12,0.5,9.9118,2
904,1,7.48,0.8,7.2013,2
904,1,7.22,1,6.9,2
904,0,-1.15,1,-1.47,2
904,0,-0.54,0.8,-0.81865,2
904,0,0.92,0.5,0.71179,2
904,0,0.99,0.2,0.87203,2
904,1,1.54,0.2,1.422,2
904,1,10.08,0.2,9.962,2
904,1,9.34,0.5,9.1318,2
904,1,7.78,0.8,7.5013,2
904,1,8.16,1,7.84,2
904,0,-1.08,1,-1.4,2
904,0,0.48,0.8,0.20135,2
904,1,1.45,0.2,1.332,2
904,1,10.13,0.2,10.012,2
904,1,10.4,0.5,10.192,2
904,1,7.33,1,7.01,2
904,0,-1.95,1,-2.27,2
904,0,-1.77,1,-2.09,1
904,0,-0.08,0.8,-0.35865,1
904,0,1.43,0.5,1.2218,1
904,1,9.4,0.2,9.282,1
904,1,9.38,0.5,9.1718,1
904,1,7.16,0.8,6.8813,1
904,0,-2,1,-2.32,1
904,0,-0.64,0.8,-0.91865,1
904,1,0.83,0.2,0.71203,1
904,0,1.75,0.5,1.5418,1
904,1,9.99,0.2,9.872,1
904,1,9.61,0.5,9.4018,1
904,1,8.12,0.8,7.8413,1
904,1,7.99,1,7.67,1
904,0,-1.86,0.8,-2.1387,1
904,0,-0.12,0.8,-0.39865,1
904,0,0.45,0.5,0.24179,1
904,0,1.67,0.5,1.4618,1
904,0,0.99,0.2,0.87203,1
904,1,10.11,0.5,9.9018,1
904,1,9.75,0.2,9.632,1
904,1,10.15,0.5,9.9418,1
904,1,9.89,0.2,9.772,1
904,1,7.4,0.8,7.1213,1
904,1,8.19,1,7.87,1
904,0,-0.22,0.8,-0.49865,1
904,0,-0.44,1,-0.76,1
904,0,1.79,0.2,1.672,1
904,1,9.8,0.5,9.5918,1
904,1,10.1,0.2,9.982,1
904,1,10.25,0.5,10.042,1
904,1,8.15,1,7.83,1
904,1,7.05,0.8,6.7713,1
904,0,-1.15,0.8,-1.4287,1
904,0,-1.3,1,-1.62,1
904,0,0.75,0.5,0.54179,1
904,0,1.69,0.2,1.572,1
904,1,9.97,0.5,9.7618,1
904,1,10.07,0.2,9.952,1
904,1,8.29,1,7.97,1
904,1,7.96,0.8,7.6813,1
904,0,-0.85,1,-1.17,1
904,0,0.52,0.8,0.24135,1
904,1,1.73,0.5,1.5218,1
904,1,9.78,0.2,9.662,1
904,1,10.16,0.5,9.9518,1
904,1,8.87,0.8,8.5913,1
904,0,-0.46,1,-0.78,1
904,0,0.62,0.8,0.34135,1
904,0,0.84,0.5,0.63179,1
904,0,0.78,0.2,0.66203,1
904,1,10.25,0.2,10.132,1
904,1,9.24,0.2,9.122,1
904,1,8.13,1,7.81,1
904,1,8.08,0.8,7.8013,1
904,1,7.25,0.8,6.9713,1
904,0,-1.67,0.8,-1.9487,1
904,0,0.84,0.5,0.63179,1
904,0,1.74,0.5,1.5318,1
904,1,9.66,0.5,9.4518,1
904,1,9.99,0.2,9.872,1
904,1,7.09,0.8,6.8113,1
904,1,8.12,1,7.8,1
904,0,-1.55,1,-1.87,1
904,0,-0.52,0.8,-0.79865,1
904,0,0.92,0.2,0.80203,1
904,1,9.95,0.2,9.832,1
904,1,10.47,0.5,10.262,1
904,1,8.33,1,8.01,1
904,1,7.22,0.8,6.9413,1
904,1,7.55,1,7.23,1
904,0,-1.55,0.8,-1.8287,1
904,0,-0.37,1,-0.69,1
904,0,1.04,0.5,0.83179,1
904,1,9.99,0.2,9.872,1
904,1,9.24,0.5,9.0318,1
904,1,7.92,1,7.6,1
904,1,8.08,1,7.76,1
904,0,-1.06,1,-1.38,1
904,0,-0.35,0.8,-0.62865,1
904,1,9.47,0.2,9.352,2
904,1,9.98,0.5,9.7718,2
904,1,7.19,0.5,6.9818,2
904,1,7.22,0.5,7.0118,2
904,0,-0.92,1,-1.24,2
904,0,-0.31,0.8,-0.58865,2
904,0,0.41,0.5,0.20179,2
904,1,1.74,0.5,1.5318,2
904,0,1.14,0.2,1.022,2
904,1,9.78,0.2,9.662,2
904,1,9.99,0.5,9.7818,2
904,1,7.43,1,7.11,2
904,0,-1.51,1,-1.83,2
904,0,0.76,0.8,0.48135,2
904,0,0.83,0.5,0.62179,2
904,0,1.2,0.5,0.99179,2
904,1,1.77,0.2,1.652,2
904,1,10.1,0.2,9.982,2
904,1,9.55,0.5,9.3418,2
904,1,7.88,0.8,7.6013,2
904,1,8.9,1,8.58,2
904,1,7.22,0.8,6.9413,2
904,0,-0.37,1,-0.69,2
904,0,0.55,0.8,0.27135,2
904,0,1.01,0.2,0.89203,2
904,1,9.34,0.2,9.222,2
904,1,10.18,0.5,9.9718,2
904,1,8.16,0.8,7.8813,2
904,1,7.97,0.8,7.6913,2
904,0,-0.81,0.8,-1.0887,2
904,1,1.65,0.5,1.4418,2
904,1,1.94,0.2,1.822,2
904,1,10.99,0.5,10.782,2
904,1,9.52,0.2,9.402,2
904,1,8.26,1,7.94,2
904,1,8.24,0.8,7.9613,2
904,0,-0.05,1,-0.37,2
904,0,0.15,0.8,-0.12865,2
904,0,0.52,0.5,0.31179,2
904,1,1.65,0.2,1.532,2
904,1,10.11,0.5,9.9018,2
904,1,9.57,0.2,9.452,2
904,1,9.25,0.5,9.0418,2
904,1,7.86,0.8,7.5813,2
904,1,8.02,0.8,7.7413,2
904,1,7.62,1,7.3,2
904,0,-1.96,1,-2.28,2
904,0,0.63,0.5,0.42179,2
904,0,1.19,0.2,1.072,2
904,1,9.21,0.2,9.092,2
904,1,9.19,0.5,8.9818,2
904,1,7.86,1,7.54,2
904,1,7.66,0.8,7.3813,2
904,0,-0.22,1,-0.54,2
904,0,0.84,0.8,0.56135,2
904,0,1.62,0.8,1.3413,2
904,1,1.09,0.2,0.97203,2
904,1,10.24,0.2,10.122,2
904,1,9.67,0.5,9.4618,2
904,1,7.84,0.8,7.5613,2
904,1,8.05,1,7.73,2
904,0,-1.26,1,-1.58,2
904,0,-0.16,0.5,-0.36821,2
904,0,0.99,0.2,0.87203,2
904,1,1.27,0.2,1.152,2
904,1,10.08,0.2,9.962,2
904,1,9.94,0.5,9.7318,2
904,1,7.26,0.8,6.9813,2
904,1,7.78,1,7.46,2
904,0,-1.15,1,-1.47,2
904,0,-0.54,0.8,-0.81865,2
904,0,0.92,0.5,0.71179,2
904,1,1.54,0.2,1.422,2
904,1,9.92,0.2,9.802,2
904,1,7.27,0.5,7.0618,2
904,1,7.55,1,7.23,2
904,0,-1.95,1,-2.27,2
904,0,-0.11,0.8,-0.38865,2
904,0,0.92,0.2,0.80203,2
904,0,1.74,0.5,1.5318,2
910,1,9.33,0.2,9.33,2
910,1,10.4,0.5,10.4,2
910,1,7.79,0.8,7.761,2
910,0,-2,1,-2.27,2
910,0,-0.03,0.8,-0.058991,2
910,1,1.28,0.5,1.2797,2
910,1,9.97,0.2,9.97,2
910,1,9.62,0.5,9.6197,2
910,1,8.15,0.8,8.121,2
910,1,7.82,0.2,7.82,2
910,0,-0.2,1,-0.47,2
910,0,-0.8,0.8,-0.82899,2
910,0,0.6,0.2,0.6,2
910,1,1.27,0.5,1.2697,2
910,1,9.25,0.2,9.25,2
910,1,10.24,0.2,10.24,2
910,1,8.13,1,7.86,2
910,1,7.98,0.5,7.9797,2
910,1,7.25,0.2,7.25,2
910,0,-1.35,0.8,-1.379,2
910,0,-0.85,1,-1.12,2
910,0,0.52,0.2,0.52,2
910,0,0.95,0.5,0.94974,2
910,1,10.75,1,10.48,2
910,1,10.15,0.8,10.121,2
910,1,9.89,0.2,9.89,2
910,1,7.4,1,7.13,2
910,1,7.19,0.2,7.19,2
910,0,-0.22,0.8,-0.24899,2
910,0,-0.44,1,-0.71,2
910,1,1.69,0.2,1.69,2
910,1,9.8,0.5,9.7997,2
910,1,10.1,0.5,10.1,2
910,1,10.25,0.8,10.221,2
910,1,8.15,0.2,8.15,2
910,1,7.05,0.5,7.0497,2
910,0,-1.15,0.8,-1.179,2
910,0,-1.3,1,-1.57,2
910,1,1.75,0.5,1.7497,2
910,0,0.89,0.2,0.89,2
910,1,9.05,0.5,9.0497,2
910,1,9.97,0.2,9.97,2
910,1,8.29,0.5,8.2897,2
910,1,7.96,0.8,7.931,2
910,0,-1.55,1,-1.82,2
910,0,-0.52,0.8,-0.54899,2
910,0,0.92,0.2,0.92,2
910,1,9.78,0.5,9.7797,2
910,1,10.16,0.8,10.131,2
910,1,7.34,0.5,7.3397,2
910,1,8.08,1,7.81,2
910,0,-1.46,0.8,-1.489,2
910,0,-0.01,0.5,-0.010264,2
910,0,0.92,0.5,0.91974,2
910,1,1.46,1,1.19,2
910,0,0.85,0.5,0.84974,2
910,1,10.22,0.5,10.22,2
910,1,9.48,0.2,9.48,2
910,1,7.92,1,7.65,2
910,1,8.12,0.8,8.091,2
910,0,-1.67,0.8,-1.699,2
910,0,0.84,0.2,0.84,2
910,1,1.74,0.5,1.7397,2
910,1,9.66,0.5,9.6597,2
910,1,9.99,0.2,9.99,2
910,1,7.09,0.8,7.061,2
910,1,8.12,1,7.85,2
910,0,-0.46,1,-0.73,2
910,0,0.62,0.8,0.59101,2
910,0,0.84,0.5,0.83974,2
910,0,0.78,0.2,0.78,2
910,1,9.95,0.2,9.95,2
910,1,10.47,0.5,10.47,2
910,1,8.33,1,8.06,2
910,1,7.22,0.8,7.191,2
910,1,7.55,1,7.28,2
910,0,-1.55,0.8,-1.579,2
910,0,-0.37,1,-0.64,2
910,0,1.04,0.5,1.0397,2
910,1,9.99,0.2,9.99,2
910,0,-0.27,1,-0.54,1
910,0,-0.4,0.8,-0.42899,1
910,1,1.2,0.5,1.1997,1
910,0,0.8,0.2,0.8,1
910,1,10.37,0.5,10.37,1
910,1,9.25,0.2,9.25,1
910,1,7.17,0.5,7.1697,1
910,1,7.33,0.5,7.3297,1
910,0,-1.92,1,-2.19,1
910,0,-0.31,0.8,-0.33899,1
910,0,0.74,0.5,0.73974,1
910,1,1.14,0.2,1.14,1
910,1,10.1,0.2,10.1,1
910,1,9.55,0.5,9.5497,1
910,1,7.88,0.8,7.851,1
910,1,7.9,1,7.63,1
910,1,7.22,1,6.95,1
910,0,-1.51,1,-1.78,1
910,0,-0.24,0.8,-0.26899,1
910,0,0.83,0.5,0.82974,1
910,1,1.2,0.2,1.2,1
910,1,1.49,0.2,1.49,1
910,1,9.78,0.2,9.78,1
910,1,10.99,0.5,10.99,1
910,1,7.43,1,7.16,1
910,0,-0.05,1,-0.32,1
910,0,-0.85,0.8,-0.87899,1
910,0,0.52,0.5,0.51974,1
910,1,1.65,0.2,1.65,1
910,1,9.83,0.2,9.83,1
910,1,10.34,0.5,10.34,1
910,1,8.68,0.8,8.651,1
910,1,7.97,0.8,7.941,1
910,1,7.52,1,7.25,1
910,0,-0.89,1,-1.16,1
910,0,0.19,0.8,0.16101,1
910,1,1.65,0.5,1.6497,1
910,1,1.62,0.2,1.62,1
910,1,10.26,0.2,10.26,1
910,1,8.24,1,7.97,1
910,1,7.99,0.8,7.961,1
910,0,-0.96,1,-1.23,1
910,0,0.63,0.5,0.62974,1
910,1,1.45,0.2,1.45,1
910,1,10.55,0.2,10.55,1
910,1,10.22,0.5,10.22,1
910,1,7.33,0.8,7.301,1
910,1,7.47,0.8,7.441,1
910,1,7.95,1,7.68,1
910,0,-1.22,1,-1.49,1
910,0,-0.16,0.8,-0.18899,1
910,0,0.62,0.8,0.59101,1
910,1,1.51,0.2,1.51,1
910,1,10.12,0.5,10.12,1
910,1,9.99,0.2,9.99,1
910,1,8.07,1,7.8,1
910,1,7.96,0.8,7.931,1
910,0,-1.26,1,-1.53,1
910,0,0.84,0.5,0.83974,1
910,1,1.33,0.2,1.33,1
910,1,9.24,0.2,9.24,1
910,1,10.12,0.5,10.12,1
910,1,7.48,0.8,7.451,1
910,1,7.22,1,6.95,1
910,0,-1.15,1,-1.42,1
910,0,-0.54,0.8,-0.56899,1
910,0,0.92,0.5,0.91974,1
910,0,0.99,0.2,0.99,1
910,1,1.54,0.2,1.54,1
910,1,10.08,0.2,10.08,1
910,1,9.34,0.5,9.3397,1
910,1,7.78,0.8,7.751,1
910,1,8.16,1,7.89,1
910,0,-1.08,1,-1.35,1
910,0,0.48,0.8,0.45101,1
910,1,1.45,0.2,1.45,1
910,1,10.13,0.2,10.13,1
910,1,10.4,0.5,10.4,1
910,1,7.33,1,7.06,1
910,0,-1.95,1,-2.22,1
910,0,-1.77,1,-2.04,2
910,0,-0.08,0.8,-0.10899,2
910,1,1.43,0.5,1.4297,2
910,1,9.4,0.2,9.4,2
910,1,9.38,0.5,9.3797,2
910,1,7.16,0.8,7.131,2
910,0,-2,1,-2.27,2
910,0,-0.64,0.8,-0.66899,2
910,0,0.83,0.2,0.83,2
910,1,1.75,0.5,1.7497,2
910,1,9.99,0.2,9.99,2
910,1,9.61,0.5,9.6097,2
910,1,8.12,0.8,8.091,2
910,1,7.99,1,7.72,2
910,0,-1.86,0.8,-1.889,2
910,0,-0.12,0.8,-0.14899,2
910,0,0.45,0.5,0.44974,2
910,1,1.67,0.5,1.6697,2
910,0,0.99,0.2,0.99,2
910,1,10.11,0.5,10.11,2
910,1,9.75,0.2,9.75,2
910,1,10.15,0.5,10.15,2
910,1,9.89,0.2,9.89,2
910,1,7.4,0.8,7.371,2
910,1,8.19,1,7.92,2
910,0,-0.22,0.8,-0.24899,2
910,0,-0.44,1,-0.71,2
910,1,1.79,0.2,1.79,2
910,1,9.8,0.5,9.7997,2
910,1,10.1,0.2,10.1,2
910,1,10.25,0.5,10.25,2
910,1,8.15,1,7.88,2
910,1,7.05,0.8,7.021,2
910,0,-1.15,0.8,-1.179,2
910,0,-1.3,1,-1.57,2
910,0,0.75,0.5,0.74974,2
910,1,1.69,0.2,1.69,2
910,1,9.97,0.5,9.9697,2
910,1,10.07,0.2,10.07,2
910,1,8.29,1,8.02,2
910,1,7.96,0.8,7.931,2
910,0,-0.85,1,-1.12,2
910,0,0.52,0.8,0.49101,2
910,1,1.73,0.5,1.7297,2
910,1,9.78,0.2,9.78,2
910,1,10.16,0.5,10.16,2
910,1,8.87,0.8,8.841,2
910,0,-0.46,1,-0.73,2
910,0,0.62,0.8,0.59101,2
910,0,0.84,0.5,0.83974,2
910,0,0.78,0.2,0.78,2
910,1,10.25,0.2,10.25,2
910,1,9.24,0.2,9.24,2
910,1,8.13,1,7.86,2
910,1,8.08,0.8,8.051,2
910,1,7.25,0.8,7.221,2
910,0,-1.67,0.8,-1.699,2
910,0,0.84,0.5,0.83974,2
910,1,1.74,0.5,1.7397,2
910,1,9.66,0.5,9.6597,2
910,1,9.99,0.2,9.99,2
910,1,7.09,0.8,7.061,2
910,1,8.12,1,7.85,2
910,0,-1.55,1,-1.82,2
910,0,-0.52,0.8,-0.54899,2
910,0,0.92,0.2,0.92,2
910,1,9.95,0.2,9.95,2
910,1,10.47,0.5,10.47,2
910,1,8.33,1,8.06,2
910,1,7.22,0.8,7.191,2
910,1,7.55,1,7.28,2
910,0,-1.55,0.8,-1.579,2
910,0,-0.37,1,-0.64,2
910,0,1.04,0.5,1.0397,2
910,1,9.99,0.2,9.99,2
910,1,9.24,0.5,9.2397,2
910,1,7.92,1,7.65,2
910,1,8.08,1,7.81,2
910,0,-1.06,1,-1.33,2
910,0,-0.35,0.8,-0.37899,2
910,1,9.47,0.2,9.47,1
910,1,9.98,0.5,9.9797,1
910,1,7.19,0.5,7.1897,1
910,1,7.22,0.5,7.2197,1
910,0,-0.92,1,-1.19,1
910,0,-0.31,0.8,-0.33899,1
910,0,0.41,0.5,0.40974,1
910,1,1.74,0.5,1.7397,1
910,1,1.14,0.2,1.14,1
910,1,9.78,0.2,9.78,1
910,1,9.99,0.5,9.9897,1
910,1,7.43,1,7.16,1
910,0,-1.51,1,-1.78,1
910,0,0.76,0.8,0.73101,1
910,0,0.83,0.5,0.82974,1
910,1,1.2,0.5,1.1997,1
910,1,1.77,0.2,1.77,1
910,1,10.1,0.2,10.1,1
910,1,9.55,0.5,9.5497,1
910,1,7.88,0.8,7.851,1
910,1,8.9,1,8.63,1
910,1,7.22,0.8,7.191,1
910,0,-0.37,1,-0.64,1
910,0,0.55,0.8,0.52101,1
910,2,1.01,0.2,1.01,1
910,1,9.34,0.2,9.34,1
910,1,10.18,0.5,10.18,1
910,1,8.16,0.8,8.131,1
910,1,7.97,0.8,7.941,1
910,0,-0.81,0.8,-0.83899,1
910,1,1.65,0.5,1.6497,1
910,1,1.94,0.2,1.94,1
910,1,10.99,0.5,10.99,1
910,1,9.52,0.2,9.52,1
910,1,8.26,1,7.99,1
910,1,8.24,0.8,8.211,1
910,0,-0.05,1,-0.32,1
910,0,0.15,0.8,0.12101,1
910,0,0.52,0.5,0.51974,1
910,1,1.65,0.2,1.65,1
910,1,10.11,0.5,10.11,1
910,1,9.57,0.2,9.57,1
910,1,9.25,0.5,9.2497,1
910,1,7.86,0.8,7.831,1
910,1,8.02,0.8,7.991,1
910,1,7.62,1,7.35,1
910,0,-1.96,1,-2.23,1
910,0,0.63,0.5,0.62974,1
910,1,1.19,0.2,1.19,1
910,1,9.21,0.2,9.21,1
910,1,9.19,0.5,9.1897,1
910,1,7.86,1,7.59,1
910,1,7.66,0.8,7.631,1
910,0,-0.22,1,-0.49,1
910,0,0.84,0.8,0.81101,1
910,1,1.62,0.8,1.591,1
910,1,1.09,0.2,1.09,1
910,1,10.24,0.2,10.24,1
910,1,9.67,0.5,9.6697,1
910,1,7.84,0.8,7.811,1
910,1,8.05,1,7.78,1
910,0,-1.26,1,-1.53,1
910,0,-0.16,0.5,-0.16026,1
910,0,0.99,0.2,0.99,1
910,1,1.27,0.2,1.27,1
910,1,10.08,0.2,10.08,1
910,1,9.94,0.5,9.9397,1
910,1,7.26,0.8,7.231,1
910,1,7.78,1,7.51,1
910,0,-1.15,1,-1.42,1
910,0,-0.54,0.8,-0.56899,1
910,0,0.92,0.5,0.91974,1
910,1,1.54,0.2,1.54,1
910,1,9.92,0.2,9.92,1
910,1,7.27,0.5,7.2697,1
910,1,7.55,1,7.28,1
910,0,-1.95,1,-2.22,1
910,0,-0.11,0.8,-0.13899,1
910,0,0.92,0.2,0.92,1
910,1,1.74,0.5,1.7397,1
911,1,9.33,0.2,9.3113,1
911,1,10.4,0.5,9.9712,1
911,1,7.79,0.8,5.6502,1
911,0,-2,1,-6.59,1
911,0,-0.03,0.8,-2.1698,1
911,0,1.28,0.5,0.85117,1
911,1,9.97,0.2,9.9513,1
911,1,9.62,0.5,9.1912,1
911,0,8.15,0.8,6.0102,1
911,1,7.82,0.2,7.8013,1
911,0,-0.2,1,-4.79,1
911,0,-0.8,0.8,-2.9398,1
911,1,0.6,0.2,0.58132,1
911,1,1.27,0.5,0.84117,1
911,1,9.25,0.2,9.2313,1
911,1,10.24,0.2,10.221,1
911,1,8.13,1,3.54,1
911,1,7.98,0.5,7.5512,1
911,1,7.25,0.2,7.2313,1
911,0,-1.35,0.8,-3.4898,1
911,0,-0.85,1,-5.44,1
911,0,0.52,0.2,0.50132,1
911,0,0.95,0.5,0.52117,1
911,1,10.75,1,6.16,1
911,1,10.15,0.8,8.0102,1
911,1,9.89,0.2,9.8713,1
911,0,7.4,1,2.81,1
911,1,7.19,0.2,7.1713,1
911,0,-0.22,0.8,-2.3598,1
911,0,-0.44,1,-5.03,1
911,1,1.69,0.2,1.6713,1
911,1,9.8,0.5,9.3712,1
911,1,10.1,0.5,9.6712,1
911,1,10.25,0.8,8.1102,1
911,1,8.15,0.2,8.1313,1
911,1,7.05,0.5,6.6212,1
911,0,-1.15,0.8,-3.2898,1
911,0,-1.3,1,-5.89,1
911,1,1.75,0.5,1.3212,1
911,0,0.89,0.2,0.87132,1
911,1,9.05,0.5,8.6212,1
911,1,9.97,0.2,9.9513,1
911,1,8.29,0.5,7.8612,1
911,1,7.96,0.8,5.8202,1
911,0,-1.55,1,-6.14,1
911,0,-0.52,0.8,-2.6598,1
911,0,0.92,0.2,0.90132,1
911,1,9.78,0.5,9.3512,1
911,1,10.16,0.8,8.0202,1
911,1,7.34,0.5,6.9112,1
911,1,8.08,1,3.49,1
911,0,-1.46,0.8,-3.5998,1
911,0,-0.01,0.5,-0.43883,1
911,0,0.92,0.5,0.49117,1
911,0,1.46,1,-3.13,1
911,0,0.85,0.5,0.42117,1
911,1,10.22,0.5,9.7912,1
911,1,9.48,0.2,9.4613,1
911,2,7.92,1,3.33,1
911,1,8.12,0.8,5.9802,1
911,0,-1.67,0.8,-3.8098,1
911,2,0.84,0.2,0.82132,1
911,1,1.74,0.5,1.3112,1
911,1,9.66,0.5,9.2312,1
911,1,9.99,0.2,9.9713,1
911,1,7.09,0.8,4.9502,1
911,1,8.12,1,3.53,1
911,0,-0.46,1,-5.05,1
911,1,0.62,0.8,-1.5198,1
911,0,0.84,0.5,0.41117,1
911,1,0.78,0.2,0.76132,1
911,1,9.95,0.2,9.9313,1
911,1,10.47,0.5,10.041,1
911,1,8.33,1,3.74,1
911,1,7.22,0.8,5.0802,1
911,0,7.55,1,2.96,1
911,0,-1.55,0.8,-3.6898,1
911,0,-0.37,1,-4.96,1
911,1,1.04,0.5,0.61117,1
911,1,9.99,0.2,9.9713,1
911,0,-0.27,1,-4.86,2
911,0,-0.4,0.8,-2.5398,2
911,2,1.2,0.5,0.77117,2
911,0,0.8,0.2,0.78132,2
911,1,10.37,0.5,9.9412,2
911,1,9.25,0.2,9.2313,2
911,1,7.17,0.5,6.7412,2
911,1,7.33,0.5,6.9012,2
911,0,-1.92,1,-6.51,2
911,1,-0.31,0.8,-2.4498,2
911,0,0.74,0.5,0.31117,2
911,1,1.14,0.2,1.1213,2
911,1,10.1,0.2,10.081,2
911,1,9.55,0.5,9.1212,2
911,1,7.88,0.8,5.7402,2
911,1,7.9,1,3.31,2
911,1,7.22,1,2.63,2
911,0,-1.51,1,-6.1,2
911,0,-0.24,0.8,-2.3798,2
911,1,0.83,0.5,0.40117,2
911,2,1.2,0.2,1.1813,2
911,1,1.49,0.2,1.4713,2
911,1,9.78,0.2,9.7613,2
911,1,10.99,0.5,10.561,2
911,1,7.43,1,2.84,2
911,0,-0.05,1,-4.64,2
911,0,-0.85,0.8,-2.9898,2
911,1,0.52,0.5,0.091165,2
911,1,1.65,0.2,1.6313,2
911,1,9.83,0.2,9.8113,2
911,1,10.34,0.5,9.9112,2
911,1,8.68,0.8,6.5402,2
911,1,7.97,0.8,5.8302,2
911,0,7.52,1,2.93,2
911,0,-0.89,1,-5.48,2
911,0,0.19,0.8,-1.9498,2
911,1,1.65,0.5,1.2212,2
911,1,1.62,0.2,1.6013,2
911,1,10.26,0.2,10.241,2
911,0,8.24,1,3.65,2
911,1,7.99,0.8,5.8502,2
911,0,-0.96,1,-5.55,2
911,0,0.63,0.5,0.20117,2
911,0,1.45,0.2,1.4313,2
911,1,10.55,0.2,10.531,2
911,1,10.22,0.5,9.7912,2
911,1,7.33,0.8,5.1902,2
911,0,7.47,0.8,5.3302,2
911,0,7.95,1,3.36,2
911,0,-1.22,1,-5.81,2
911,0,-0.16,0.8,-2.2998,2
911,0,0.62,0.8,-1.5198,2
911,1,1.51,0.2,1.4913,2
911,1,10.12,0.5,9.6912,2
911,1,9.99,0.2,9.9713,2
911,1,8.07,1,3.48,2
911,1,7.96,0.8,5.8202,2
911,0,-1.26,1,-5.85,2
911,0,0.84,0.5,0.41117,2
911,1,1.33,0.2,1.3113,2
911,1,9.24,0.2,9.2213,2
911,1,10.12,0.5,9.6912,2
911,1,7.48,0.8,5.3402,2
911,0,7.22,1,2.63,2
911,0,-1.15,1,-5.74,2
911,0,-0.54,0.8,-2.6798,2
911,0,0.92,0.5,0.49117,2
911,1,0.99,0.2,0.97132,2
911,1,1.54,0.2,1.5213,2
911,1,10.08,0.2,10.061,2
911,1,9.34,0.5,8.9112,2
911,1,7.78,0.8,5.6402,2
911,0,8.16,1,3.57,2
911,0,-1.08,1,-5.67,2
911,0,0.48,0.8,-1.6598,2
911,1,1.45,0.2,1.4313,2
911,1,10.13,0.2,10.111,2
911,1,10.4,0.5,9.9712,2
911,1,7.33,1,2.74,2
911,0,-1.95,1,-6.54,2
911,0,-1.77,1,-6.36,1
911,0,-0.08,0.8,-2.2198,1
911,1,1.43,0.5,1.0012,1
911,1,9.4,0.2,9.3813,1
911,1,9.38,0.5,8.9512,1
911,0,7.16,0.8,5.0202,1
911,0,-2,1,-6.59,1
911,0,-0.64,0.8,-2.7798,1
911,2,0.83,0.2,0.81132,1
911,1,1.75,0.5,1.3212,1
911,1,9.99,0.2,9.9713,1
911,1,9.61,0.5,9.1812,1
911,1,8.12,0.8,5.9802,1
911,1,7.99,1,3.4,1
911,0,-1.86,0.8,-3.9998,1
911,0,-0.12,0.8,-2.2598,1
911,0,0.45,0.5,0.021165,1
911,0,1.67,0.5,1.2412,1
911,2,0.99,0.2,0.97132,1
911,1,10.11,0.5,9.6812,1
911,1,9.75,0.2,9.7313,1
911,1,10.15,0.5,9.7212,1
911,1,9.89,0.2,9.8713,1
911,0,7.4,0.8,5.2602,1
911,1,8.19,1,3.6,1
911,0,-0.22,0.8,-2.3598,1
911,0,-0.44,1,-5.03,1
911,0,1.79,0.2,1.7713,1
911,1,9.8,0.5,9.3712,1
911,1,10.1,0.2,10.081,1
911,1,10.25,0.5,9.8212,1
911,1,8.15,1,3.56,1
911,1,7.05,0.8,4.9102,1
911,0,-1.15,0.8,-3.2898,1
911,0,-1.3,1,-5.89,1
911,0,0.75,0.5,0.32117,1
911,1,1.69,0.2,1.6713,1
911,1,9.97,0.5,9.5412,1
911,1,10.07,0.2,10.051,1
911,1,8.29,1,3.7,1
911,1,7.96,0.8,5.8202,1
911,0,-0.85,1,-5.44,1
911,0,0.52,0.8,-1.6198,1
911,1,1.73,0.5,1.3012,1
911,1,9.78,0.2,9.7613,1
911,1,10.16,0.5,9.7312,1
911,1,8.87,0.8,6.7302,1
911,0,-0.46,1,-5.05,1
911,0,0.62,0.8,-1.5198,1
911,0,0.84,0.5,0.41117,1
911,2,0.78,0.2,0.76132,1
911,1,10.25,0.2,10.231,1
911,1,9.24,0.2,9.2213,1
911,1,8.13,1,3.54,1
911,0,8.08,0.8,5.9402,1
911,0,7.25,0.8,5.1102,1
911,0,-1.67,0.8,-3.8098,1
911,0,0.84,0.5,0.41117,1
911,1,1.74,0.5,1.3112,1
911,1,9.66,0.5,9.2312,1
911,1,9.99,0.2,9.9713,1
911,1,7.09,0.8,4.9502,1
911,1,8.12,1,3.53,1
911,1,-1.55,1,-6.14,1
911,0,-0.52,0.8,-2.6598,1
911,0,0.92,0.2,0.90132,1
911,1,9.95,0.2,9.9313,1
911,1,10.47,0.5,10.041,1
911,1,8.33,1,3.74,1
911,1,7.22,0.8,5.0802,1
911,1,7.55,1,2.96,1
911,0,-1.55,0.8,-3.6898,1
911,0,-0.37,1,-4.96,1
911,0,1.04,0.5,0.61117,1
911,1,9.99,0.2,9.9713,1
911,0,9.24,0.5,8.8112,1
911,0,7.92,1,3.33,1
911,0,8.08,1,3.49,1
911,0,-1.06,1,-5.65,1
911,0,-0.35,0.8,-2.4898,1
911,1,9.47,0.2,9.4513,2
911,1,9.98,0.5,9.5512,2
911,1,7.19,0.5,6.7612,2
911,1,7.22,0.5,6.7912,2
911,0,-0.92,1,-5.51,2
911,0,-0.31,0.8,-2.4498,2
911,2,0.41,0.5,-0.018835,2
911,1,1.74,0.5,1.3112,2
911,1,1.14,0.2,1.1213,2
911,1,9.78,0.2,9.7613,2
911,1,9.99,0.5,9.5612,2
911,0,7.43,1,2.84,2
911,0,-1.51,1,-6.1,2
911,2,0.76,0.8,-1.3798,2
911,0,0.83,0.5,0.40117,2
911,1,1.2,0.5,0.77117,2
911,1,1.77,0.2,1.7513,2
911,1,10.1,0.2,10.081,2
911,1,9.55,0.5,9.1212,2
911,1,7.88,0.8,5.7402,2
911,0,8.9,1,4.31,2
911,1,7.22,0.8,5.0802,2
911,1,-0.37,1,-4.96,2
911,2,0.55,0.8,-1.5898,2
911,1,1.01,0.2,0.99132,2
911,1,9.34,0.2,9.3213,2
911,1,10.18,0.5,9.7512,2
911,1,8.16,0.8,6.0202,2
911,1,7.97,0.8,5.8302,2
911,0,-0.81,0.8,-2.9498,2
911,1,1.65,0.5,1.2212,2
911,0,1.94,0.2,1.9213,2
911,1,10.99,0.5,10.561,2
911,1,9.52,0.2,9.5013,2
911,1,8.26,1,3.67,2
911,1,8.24,0.8,6.1002,2
911,0,-0.05,1,-4.64,2
911,0,0.15,0.8,-1.9898,2
911,0,0.52,0.5,0.091165,2
911,1,1.65,0.2,1.6313,2
911,1,10.11,0.5,9.6812,2
911,1,9.57,0.2,9.5513,2
911,1,9.25,0.5,8.8212,2
911,1,7.86,0.8,5.7202,2
911,1,8.02,0.8,5.8802,2
911,1,7.62,1,3.03,2
911,0,-1.96,1,-6.55,2
911,2,0.63,0.5,0.20117,2
911,1,1.19,0.2,1.1713,2
911,1,9.21,0.2,9.1913,2
911,1,9.19,0.5,8.7612,2
911,1,7.86,1,3.27,2
911,0,7.66,0.8,5.5202,2
911,0,-0.22,1,-4.81,2
911,0,0.84,0.8,-1.2998,2
911,1,1.62,0.8,-0.51984,2
911,1,1.09,0.2,1.0713,2
911,1,10.24,0.2,10.221,2
911,1,9.67,0.5,9.2412,2
911,1,7.84,0.8,5.7002,2
911,1,8.05,1,3.46,2
911,0,-1.26,1,-5.85,2
911,0,-0.16,0.5,-0.58883,2
911,1,0.99,0.2,0.97132,2
911,1,1.27,0.2,1.2513,2
911,1,10.08,0.2,10.061,2
911,1,9.94,0.5,9.5112,2
911,1,7.26,0.8,5.1202,2
911,1,7.78,1,3.19,2
911,1,-1.15,1,-5.74,2
911,0,-0.54,0.8,-2.6798,2
911,2,0.92,0.5,0.49117,2
911,1,1.54,0.2,1.5213,2
911,0,9.92,0.2,9.9013,2
911,1,7.27,0.5,6.8412,2
911,1,7.55,1,2.96,2
911,0,-1.95,1,-6.54,2
911,0,-0.11,0.8,-2.2498,2
911,0,0.92,0.2,0.90132,2
911,1,1.74,0.5,1.3112,2
912,1,9.33,0.2,9.33,1
912,1,10.4,0.5,10.394,1
912,2,7.79,0.8,7.1896,1
912,0,-2,1,-7.3,1
912,0,-0.03,0.8,-0.63039,1
912,1,1.28,0.5,1.2739,1
912,1,9.97,0.2,9.97,1
912,1,9.62,0.5,9.6139,1
912,1,8.15,0.8,7.5496,1
912,1,7.82,0.2,7.82,1
912,0,-0.2,1,-5.5,1
912,0,-0.8,0.8,-1.4004,1
912,0,0.6,0.2,0.6,1
912,1,1.27,0.5,1.2639,1
912,1,9.25,0.2,9.25,1
912,1,10.24,0.2,10.24,1
912,1,8.13,1,2.83,1
912,1,7.98,0.5,7.9739,1
912,1,7.25,0.2,7.25,1
912,0,-1.35,0.8,-1.9504,1
912,0,-0.85,1,-6.15,1
912,0,0.52,0.2,0.52,1
912,0,0.95,0.5,0.94389,1
912,1,10.75,1,5.45,1
912,1,10.15,0.8,9.5496,1
912,1,9.89,0.2,9.89,1
912,1,7.4,1,2.1,1
912,1,7.19,0.2,7.19,1
912,0,-0.22,0.8,-0.82039,1
912,0,-0.44,1,-5.74,1
912,1,1.69,0.2,1.69,1
912,1,9.8,0.5,9.7939,1
912,1,10.1,0.5,10.094,1
912,1,10.25,0.8,9.6496,1
912,1,8.15,0.2,8.15,1
912,1,7.05,0.5,7.0439,1
912,0,-1.15,0.8,-1.7504,1
912,0,-1.3,1,-6.6,1
912,1,1.75,0.5,1.7439,1
912,0,0.89,0.2,0.89,1
912,1,9.05,0.5,9.0439,1
912,1,9.97,0.2,9.97,1
912,1,8.29,0.5,8.2839,1
912,1,7.96,0.8,7.3596,1
912,0,-1.55,1,-6.85,1
912,0,-0.52,0.8,-1.1204,1
912,0,0.92,0.2,0.92,1
912,1,9.78,0.5,9.7739,1
912,1,10.16,0.8,9.5596,1
912,1,7.34,0.5,7.3339,1
912,1,8.08,1,2.78,1
912,0,-1.46,0.8,-2.0604,1
912,0,-0.01,0.5,-0.016113,1
912,0,0.92,0.5,0.91389,1
912,0,1.46,1,-3.84,1
912,0,0.85,0.5,0.84389,1
912,1,10.22,0.5,10.214,1
912,1,9.48,0.2,9.48,1
912,1,7.92,1,2.62,1
912,1,8.12,0.8,7.5196,1
912,0,-1.67,0.8,-2.2704,1
912,0,0.84,0.2,0.84,1
912,1,1.74,0.5,1.7339,1
912,1,9.66,0.5,9.6539,1
912,1,9.99,0.2,9.99,1
912,1,7.09,0.8,6.4896,1
912,1,8.12,1,2.82,1
912,0,-0.46,1,-5.76,1
912,0,0.62,0.8,0.019609,1
912,0,0.84,0.5,0.83389,1
912,0,0.78,0.2,0.78,1
912,1,9.95,0.2,9.95,1
912,1,10.47,0.5,10.464,1
912,1,8.33,1,3.03,1
912,1,7.22,0.8,6.6196,1
912,1,7.55,1,2.25,1
912,0,-1.55,0.8,-2.1504,1
912,0,-0.37,1,-5.67,1
912,0,1.04,0.5,1.0339,1
912,1,9.99,0.2,9.99,1
912,0,-0.27,1,-5.57,2
912,0,-0.4,0.8,-1.0004,2
912,0,1.2,0.5,1.1939,2
912,0,0.8,0.2,0.8,2
912,1,10.37,0.5,10.364,2
912,1,9.25,0.2,9.25,2
912,1,7.17,0.5,7.1639,2
912,1,7.33,0.5,7.3239,2
912,0,-1.92,1,-7.22,2
912,0,-0.31,0.8,-0.91039,2
912,0,0.74,0.5,0.73389,2
912,1,1.14,0.2,1.14,2
912,1,10.1,0.2,10.1,2
912,1,9.55,0.5,9.5439,2
912,1,7.88,0.8,7.2796,2
912,1,7.9,1,2.6,2
912,1,7.22,1,1.92,2
912,0,-1.51,1,-6.81,2
912,0,-0.24,0.8,-0.84039,2
912,0,0.83,0.5,0.82389,2
912,1,1.2,0.2,1.2,2
912,1,1.49,0.2,1.49,2
912,1,9.78,0.2,9.78,2
912,1,10.99,0.5,10.984,2
912,1,7.43,1,2.13,2
912,1,-0.05,1,-5.35,2
912,0,-0.85,0.8,-1.4504,2
912,0,0.52,0.5,0.51389,2
912,1,1.65,0.2,1.65,2
912,1,9.83,0.2,9.83,2
912,1,10.34,0.5,10.334,2
912,1,8.68,0.8,8.0796,2
912,1,7.97,0.8,7.3696,2
912,1,7.52,1,2.22,2
912,0,-0.89,1,-6.19,2
912,0,0.19,0.8,-0.41039,2
912,1,1.65,0.5,1.6439,2
912,1,1.62,0.2,1.62,2
912,1,10.26,0.2,10.26,2
912,1,8.24,1,2.94,2
912,1,7.99,0.8,7.3896,2
912,1,-0.96,1,-6.26,2
912,0,0.63,0.5,0.62389,2
912,1,1.45,0.2,1.45,2
912,1,10.55,0.2,10.55,2
912,1,10.22,0.5,10.214,2
912,1,7.33,0.8,6.7296,2
912,1,7.47,0.8,6.8696,2
912,1,7.95,1,2.65,2
912,0,-1.22,1,-6.52,2
912,0,-0.16,0.8,-0.76039,2
912,0,0.62,0.8,0.019609,2
912,1,1.51,0.2,1.51,2
912,1,10.12,0.5,10.114,2
912,1,9.99,0.2,9.99,2
912,1,8.07,1,2.77,2
912,1,7.96,0.8,7.3596,2
912,0,-1.26,1,-6.56,2
912,0,0.84,0.5,0.83389,2
912,1,1.33,0.2,1.33,2
912,1,9.24,0.2,9.24,2
912,1,10.12,0.5,10.114,2
912,1,7.48,0.8,6.8796,2
912,1,7.22,1,1.92,2
912,0,-1.15,1,-6.45,2
912,0,-0.54,0.8,-1.1404,2
912,0,0.92,0.5,0.91389,2
912,0,0.99,0.2,0.99,2
912,1,1.54,0.2,1.54,2
912,1,10.08,0.2,10.08,2
912,1,9.34,0.5,9.3339,2
912,1,7.78,0.8,7.1796,2
912,1,8.16,1,2.86,2
912,0,-1.08,1,-6.38,2
912,0,0.48,0.8,-0.12039,2
912,1,1.45,0.2,1.45,2
912,1,10.13,0.2,10.13,2
912,1,10.4,0.5,10.394,2
912,1,7.33,1,2.03,2
912,0,-1.95,1,-7.25,2
912,0,-1.77,1,-7.07,1
912,0,-0.08,0.8,-0.68039,1
912,1,1.43,0.5,1.4239,1
912,1,9.4,0.2,9.4,1
912,1,9.38,0.5,9.3739,1
912,1,7.16,0.8,6.5596,1
912,0,-2,1,-7.3,1
912,0,-0.64,0.8,-1.2404,1
912,0,0.83,0.2,0.83,1
912,1,1.75,0.5,1.7439,1
912,1,9.99,0.2,9.99,1
912,1,9.61,0.5,9.6039,1
912,1,8.12,0.8,7.5196,1
912,1,7.99,1,2.69,1
912,0,-1.86,0.8,-2.4604,1
912,0,-0.12,0.8,-0.72039,1
912,0,0.45,0.5,0.44389,1
912,1,1.67,0.5,1.6639,1
912,0,0.99,0.2,0.99,1
912,1,10.11,0.5,10.104,1
912,1,9.75,0.2,9.75,1
912,1,10.15,0.5,10.144,1
912,1,9.89,0.2,9.89,1
912,1,7.4,0.8,6.7996,1
912,1,8.19,1,2.89,1
912,0,-0.22,0.8,-0.82039,1
912,0,-0.44,1,-5.74,1
912,1,1.79,0.2,1.79,1
912,1,9.8,0.5,9.7939,1
912,1,10.1,0.2,10.1,1
912,1,10.25,0.5,10.244,1
912,1,8.15,1,2.85,1
912,1,7.05,0.8,6.4496,1
912,0,-1.15,0.8,-1.7504,1
912,0,-1.3,1,-6.6,1
912,0,0.75,0.5,0.74389,1
912,1,1.69,0.2,1.69,1
912,1,9.97,0.5,9.9639,1
912,1,10.07,0.2,10.07,1
912,1,8.29,1,2.99,1
912,1,7.96,0.8,7.3596,1
912,0,-0.85,1,-6.15,1
912,0,0.52,0.8,-0.080391,1
912,1,1.73,0.5,1.7239,1
912,1,9.78,0.2,9.78,1
912,1,10.16,0.5,10.154,1
912,1,8.87,0.8,8.2696,1
912,0,-0.46,1,-5.76,1
912,0,0.62,0.8,0.019609,1
912,0,0.84,0.5,0.83389,1
912,0,0.78,0.2,0.78,1
912,1,10.25,0.2,10.25,1
912,1,9.24,0.2,9.24,1
912,1,8.13,1,2.83,1
912,1,8.08,0.8,7.4796,1
912,1,7.25,0.8,6.6496,1
912,0,-1.67,0.8,-2.2704,1
912,0,0.84,0.5,0.83389,1
912,1,1.74,0.5,1.7339,1
912,1,9.66,0.5,9.6539,1
912,1,9.99,0.2,9.99,1
912,1,7.09,0.8,6.4896,1
912,1,8.12,1,2.82,1
912,0,-1.55,1,-6.85,1
912,0,-0.52,0.8,-1.1204,1
912,1,0.92,0.2,0.92,1
912,1,9.95,0.2,9.95,1
912,1,10.47,0.5,10.464,1
912,1,8.33,1,3.03,1
912,1,7.22,0.8,6.6196,1
912,1,7.55,1,2.25,1
912,0,-1.55,0.8,-2.1504,1
912,0,-0.37,1,-5.67,1
912,1,1.04,0.5,1.0339,1
912,1,9.99,0.2,9.99,1
912,1,9.24,0.5,9.2339,1
912,1,7.92,1,2.62,1
912,1,8.08,1,2.78,1
912,0,-1.06,1,-6.36,1
912,0,-0.35,0.8,-0.95039,1
912,1,9.47,0.2,9.47,2
912,1,9.98,0.5,9.9739,2
912,1,7.19,0.5,7.1839,2
912,1,7.22,0.5,7.2139,2
912,0,-0.92,1,-6.22,2
912,0,-0.31,0.8,-0.91039,2
912,0,0.41,0.5,0.40389,2
912,1,1.74,0.5,1.7339,2
912,1,1.14,0.2,1.14,2
912,1,9.78,0.2,9.78,2
912,1,9.99,0.5,9.9839,2
912,1,7.43,1,2.13,2
912,0,-1.51,1,-6.81,2
912,0,0.76,0.8,0.15961,2
912,0,0.83,0.5,0.82389,2
912,1,1.2,0.5,1.1939,2
912,1,1.77,0.2,1.77,2
912,1,10.1,0.2,10.1,2
912,1,9.55,0.5,9.5439,2
912,1,7.88,0.8,7.2796,2
912,1,8.9,1,3.6,2
912,1,7.22,0.8,6.6196,2
912,0,-0.37,1,-5.67,2
912,0,0.55,0.8,-0.050391,2
912,1,1.01,0.2,1.01,2
912,1,9.34,0.2,9.34,2
912,1,10.18,0.5,10.174,2
912,1,8.16,0.8,7.5596,2
912,1,7.97,0.8,7.3696,2
912,0,-0.81,0.8,-1.4104,2
912,1,1.65,0.5,1.6439,2
912,1,1.94,0.2,1.94,2
912,1,10.99,0.5,10.984,2
912,1,9.52,0.2,9.52,2
912,1,8.26,1,2.96,2
912,1,8.24,0.8,7.6396,2
912,0,-0.05,1,-5.35,2
912,0,0.15,0.8,-0.45039,2
912,0,0.52,0.5,0.51389,2
912,1,1.65,0.2,1.65,2
912,1,10.11,0.5,10.104,2
912,1,9.57,0.2,9.57,2
912,1,9.25,0.5,9.2439,2
912,1,7.86,0.8,7.2596,2
912,1,8.02,0.8,7.4196,2
912,1,7.62,1,2.32,2
912,0,-1.96,1,-7.26,2
912,0,0.63,0.5,0.62389,2
912,0,1.19,0.2,1.19,2
912,1,9.21,0.2,9.21,2
912,1,9.19,0.5,9.1839,2
912,1,7.86,1,2.56,2
912,1,7.66,0.8,7.0596,2
912,0,-0.22,1,-5.52,2
912,0,0.84,0.8,0.23961,2
912,1,1.62,0.8,1.0196,2
912,1,1.09,0.2,1.09,2
912,1,10.24,0.2,10.24,2
912,1,9.67,0.5,9.6639,2
912,1,7.84,0.8,7.2396,2
912,1,8.05,1,2.75,2
912,0,-1.26,1,-6.56,2
912,0,-0.16,0.5,-0.16611,2
912,0,0.99,0.2,0.99,2
912,1,1.27,0.2,1.27,2
912,1,10.08,0.2,10.08,2
912,1,9.94,0.5,9.9339,2
912,1,7.26,0.8,6.6596,2
912,1,7.78,1,2.48,2
912,0,-1.15,1,-6.45,2
912,0,-0.54,0.8,-1.1404,2
912,0,0.92,0.5,0.91389,2
912,1,1.54,0.2,1.54,2
912,1,9.92,0.2,9.92,2
912,1,7.27,0.5,7.2639,2
912,1,7.55,1,2.25,2
912,0,-1.95,1,-7.25,2
912,0,-0.11,0.8,-0.71039,2
912,0,0.92,0.2,0.92,2
912,1,1.74,0.5,1.7339,2
913,1,9.33,0.2,9.3284,2
913,1,10.4,0.5,10.211,2
913,1,7.79,0.8,5.6183,2
913,0,-2,1,-8.93,2
913,0,-0.03,0.8,-2.2017,2
913,1,1.28,0.5,1.0915,2
913,1,9.97,0.2,9.9684,2
913,1,9.62,0.5,9.4315,2
913,1,8.15,0.8,5.9783,2
913,1,7.82,0.2,7.8184,2
913,0,-0.2,1,-7.13,2
913,0,-0.8,0.8,-2.9717,2
913,0,0.6,0.2,0.59839,2
913,1,1.27,0.5,1.0815,2
913,1,9.25,0.2,9.2484,2
913,1,10.24,0.2,10.238,2
913,1,8.13,1,1.2,2
913,1,7.98,0.5,7.7915,2
913,1,7.25,0.2,7.2484,2
913,0,-1.35,0.8,-3.5217,2
913,0,-0.85,1,-7.78,2
913,0,0.52,0.2,0.51839,2
913,0,0.95,0.5,0.76147,2
913,1,10.75,1,3.82,2
913,1,10.15,0.8,7.9783,2
913,1,9.89,0.2,9.8884,2
913,1,7.4,1,0.47,2
913,1,7.19,0.2,7.1884,2
913,0,-0.22,0.8,-2.3917,2
913,0,-0.44,1,-7.37,2
913,1,1.69,0.2,1.6884,2
913,1,9.8,0.5,9.6115,2
913,1,10.1,0.5,9.9115,2
913,1,10.25,0.8,8.0783,2
913,1,8.15,0.2,8.1484,2
913,1,7.05,0.5,6.8615,2
913,0,-1.15,0.8,-3.3217,2
913,0,-1.3,1,-8.23,2
913,1,1.75,0.5,1.5615,2
913,0,0.89,0.2,0.88839,2
913,1,9.05,0.5,8.8615,2
913,1,9.97,0.2,9.9684,2
913,1,8.29,0.5,8.1015,2
913,1,7.96,0.8,5.7883,2
913,0,-1.55,1,-8.48,2
913,0,-0.52,0.8,-2.6917,2
913,0,0.92,0.2,0.91839,2
913,1,9.78,0.5,9.5915,2
913,1,10.16,0.8,7.9883,2
913,1,7.34,0.5,7.1515,2
913,1,8.08,1,1.15,2
913,0,-1.46,0.8,-3.6317,2
913,0,-0.01,0.5,-0.19853,2
913,0,0.92,0.5,0.73147,2
913,0,1.46,1,-5.47,2
913,0,0.85,0.5,0.66147,2
913,1,10.22,0.5,10.031,2
913,1,9.48,0.2,9.4784,2
913,1,7.92,1,0.99,2
913,1,8.12,0.8,5.9483,2
913,0,-1.67,0.8,-3.8417,2
913,0,0.84,0.2,0.83839,2
913,1,1.74,0.5,1.5515,2
913,1,9.66,0.5,9.4715,2
913,1,9.99,0.2,9.9884,2
913,1,7.09,0.8,4.9183,2
913,1,8.12,1,1.19,2
913,0,-0.46,1,-7.39,2
913,0,0.62,0.8,-1.5517,2
913,0,0.84,0.5,0.65147,2
913,0,0.78,0.2,0.77839,2
913,1,9.95,0.2,9.9484,2
913,1,10.47,0.5,10.281,2
913,1,8.33,1,1.4,2
913,1,7.22,0.8,5.0483,2
913,1,7.55,1,0.62,2
913,0,-1.55,0.8,-3.7217,2
913,0,-0.37,1,-7.3,2
913,1,1.04,0.5,0.85147,2
913,1,9.99,0.2,9.9884,2
913,0,-0.27,1,-7.2,1
913,0,-0.4,0.8,-2.5717,1
913,1,1.2,0.5,1.0115,1
913,0,0.8,0.2,0.79839,1
913,1,10.37,0.5,10.181,1
913,1,9.25,0.2,9.2484,1
913,1,7.17,0.5,6.9815,1
913,1,7.33,0.5,7.1415,1
913,0,-1.92,1,-8.85,1
913,0,-0.31,0.8,-2.4817,1
913,0,0.74,0.5,0.55147,1
913,1,1.14,0.2,1.1384,1
913,1,10.1,0.2,10.098,1
913,1,9.55,0.5,9.3615,1
913,1,7.88,0.8,5.7083,1
913,1,7.9,1,0.97,1
913,1,7.22,1,0.29,1
913,0,-1.51,1,-8.44,1
913,0,-0.24,0.8,-2.4117,1
913,0,0.83,0.5,0.64147,1
913,1,1.2,0.2,1.1984,1
913,1,1.49,0.2,1.4884,1
913,1,9.78,0.2,9.7784,1
913,1,10.99,0.5,10.801,1
913,1,7.43,1,0.5,1
913,0,-0.05,1,-6.98,1
913,0,-0.85,0.8,-3.0217,1
913,0,0.52,0.5,0.33147,1
913,1,1.65,0.2,1.6484,1
913,1,9.83,0.2,9.8284,1
913,1,10.34,0.5,10.151,1
913,1,8.68,0.8,6.5083,1
913,1,7.97,0.8,5.7983,1
913,1,7.52,1,0.59,1
913,0,-0.89,1,-7.82,1
913,0,0.19,0.8,-1.9817,1
913,1,1.65,0.5,1.4615,1
913,1,1.62,0.2,1.6184,1
913,1,10.26,0.2,10.258,1
913,1,8.24,1,1.31,1
913,1,7.99,0.8,5.8183,1
913,0,-0.96,1,-7.89,1
913,0,0.63,0.5,0.44147,1
913,1,1.45,0.2,1.4484,1
913,1,10.55,0.2,10.548,1
913,1,10.22,0.5,10.031,1
913,1,7.33,0.8,5.1583,1
913,1,7.47,0.8,5.2983,1
913,1,7.95,1,1.02,1
913,0,-1.22,1,-8.15,1
913,0,-0.16,0.8,-2.3317,1
913,0,0.62,0.8,-1.5517,1
913,1,1.51,0.2,1.5084,1
913,1,10.12,0.5,9.9315,1
913,1,9.99,0.2,9.9884,1
913,1,8.07,1,1.14,1
913,1,7.96,0.8,5.7883,1
913,0,-1.26,1,-8.19,1
913,0,0.84,0.5,0.65147,1
913,1,1.33,0.2,1.3284,1
913,1,9.24,0.2,9.2384,1
913,1,10.12,0.5,9.9315,1
913,1,7.48,0.8,5.3083,1
913,1,7.22,1,0.29,1
913,0,-1.15,1,-8.08,1
913,0,-0.54,0.8,-2.7117,1
913,0,0.92,0.5,0.73147,1
913,0,0.99,0.2,0.98839,1
913,0,1.54,0.2,1.5384,1
913,1,10.08,0.2,10.078,1
913,1,9.34,0.5,9.1515,1
913,1,7.78,0.8,5.6083,1
913,1,8.16,1,1.23,1
913,0,-1.08,1,-8.01,1
913,0,0.48,0.8,-1.6917,1
913,1,1.45,0.2,1.4484,1
913,1,10.13,0.2,10.128,1
913,1,10.4,0.5,10.211,1
913,1,7.33,1,0.4,1
913,0,-1.95,1,-8.88,1
913,0,-1.77,1,-8.7,2
913,0,-0.08,0.8,-2.2517,2
913,1,1.43,0.5,1.2415,2
913,1,9.4,0.2,9.3984,2
913,1,9.38,0.5,9.1915,2
913,1,7.16,0.8,4.9883,2
913,0,-2,1,-8.93,2
913,0,-0.64,0.8,-2.8117,2
913,0,0.83,0.2,0.82839,2
913,1,1.75,0.5,1.5615,2
913,1,9.99,0.2,9.9884,2
913,1,9.61,0.5,9.4215,2
913,1,8.12,0.8,5.9483,2
913,1,7.99,1,1.06,2
913,0,-1.86,0.8,-4.0317,2
913,0,-0.12,0.8,-2.2917,2
913,0,0.45,0.5,0.26147,2
913,1,1.67,0.5,1.4815,2
913,0,0.99,0.2,0.98839,2
913,1,10.11,0.5,9.9215,2
913,1,9.75,0.2,9.7484,2
913,1,10.15,0.5,9.9615,2
913,1,9.89,0.2,9.8884,2
913,1,7.4,0.8,5.2283,2
913,1,8.19,1,1.26,2
913,0,-0.22,0.8,-2.3917,2
913,0,-0.44,1,-7.37,2
913,1,1.79,0.2,1.7884,2
913,1,9.8,0.5,9.6115,2
913,1,10.1,0.2,10.098,2
913,1,10.25,0.5,10.061,2
913,1,8.15,1,1.22,2
913,1,7.05,0.8,4.8783,2
913,0,-1.15,0.8,-3.3217,2
913,0,-1.3,1,-8.23,2
913,0,0.75,0.5,0.56147,2
913,1,1.69,0.2,1.6884,2
913,1,9.97,0.5,9.7815,2
913,1,10.07,0.2,10.068,2
913,1,8.29,1,1.36,2
913,1,7.96,0.8,5.7883,2
913,0,-0.85,1,-7.78,2
913,0,0.52,0.8,-1.6517,2
913,1,1.73,0.5,1.5415,2
913,1,9.78,0.2,9.7784,2
913,1,10.16,0.5,9.9715,2
913,1,8.87,0.8,6.6983,2
913,0,-0.46,1,-7.39,2
913,0,0.62,0.8,-1.5517,2
913,0,0.84,0.5,0.65147,2
913,0,0.78,0.2,0.77839,2
913,1,10.25,0.2,10.248,2
913,1,9.24,0.2,9.2384,2
913,1,8.13,1,1.2,2
913,1,8.08,0.8,5.9083,2
913,1,7.25,0.8,5.0783,2
913,0,-1.67,0.8,-3.8417,2
913,0,0.84,0.5,0.65147,2
913,1,1.74,0.5,1.5515,2
913,1,9.66,0.5,9.4715,2
913,1,9.99,0.2,9.9884,2
913,1,7.09,0.8,4.9183,2
913,1,8.12,1,1.19,2
913,0,-1.55,1,-8.48,2
913,0,-0.52,0.8,-2.6917,2
913,0,0.92,0.2,0.91839,2
913,1,9.95,0.2,9.9484,2
913,1,10.47,0.5,10.281,2
913,1,8.33,1,1.4,2
913,1,7.22,0.8,5.0483,2
913,0,7.55,1,0.62,2
913,0,-1.55,0.8,-3.7217,2
913,0,-0.37,1,-7.3,2
913,1,1.04,0.5,0.85147,2
913,1,9.99,0.2,9.9884,2
913,1,9.24,0.5,9.0515,2
913,1,7.92,1,0.99,2
913,1,8.08,1,1.15,2
913,0,-1.06,1,-7.99,2
913,0,-0.35,0.8,-2.5217,2
913,1,9.47,0.2,9.4684,1
913,1,9.98,0.5,9.7915,1
913,1,7.19,0.5,7.0015,1
913,1,7.22,0.5,7.0315,1
913,0,-0.92,1,-7.85,1
913,0,-0.31,0.8,-2.4817,1
913,0,0.41,0.5,0.22147,1
913,1,1.74,0.5,1.5515,1
913,1,1.14,0.2,1.1384,1
913,1,9.78,0.2,9.7784,1
913,1,9.99,0.5,9.8015,1
913,1,7.43,1,0.5,1
913,0,-1.51,1,-8.44,1
913,0,0.76,0.8,-1.4117,1
913,0,0.83,0.5,0.64147,1
913,1,1.2,0.5,1.0115,1
913,1,1.77,0.2,1.7684,1
913,1,10.1,0.2,10.098,1
913,1,9.55,0.5,9.3615,1
913,1,7.88,0.8,5.7083,1
913,1,8.9,1,1.97,1
913,1,7.22,0.8,5.0483,1
913,0,-0.37,1,-7.3,1
913,0,0.55,0.8,-1.6217,1
913,1,1.01,0.2,1.0084,1
913,1,9.34,0.2,9.3384,1
913,1,10.18,0.5,9.9915,1
913,1,8.16,0.8,5.9883,1
913,1,7.97,0.8,5.7983,1
913,0,-0.81,0.8,-2.9817,1
913,1,1.65,0.5,1.4615,1
913,1,1.94,0.2,1.9384,1
913,1,10.99,0.5,10.801,1
913,1,9.52,0.2,9.5184,1
913,1,8.26,1,1.33,1
913,1,8.24,0.8,6.0683,1
913,0,-0.05,1,-6.98,1
913,0,0.15,0.8,-2.0217,1
913,0,0.52,0.5,0.33147,1
913,1,1.65,0.2,1.6484,1
913,1,10.11,0.5,9.9215,1
913,1,9.57,0.2,9.5684,1
913,1,9.25,0.5,9.0615,1
913,1,7.86,0.8,5.6883,1
913,1,8.02,0.8,5.8483,1
913,0,7.62,1,0.69,1
913,0,-1.96,1,-8.89,1
913,0,0.63,0.5,0.44147,1
913,1,1.19,0.2,1.1884,1
913,1,9.21,0.2,9.2084,1
913,1,9.19,0.5,9.0015,1
913,0,7.86,1,0.93,1
913,1,7.66,0.8,5.4883,1
913,0,-0.22,1,-7.15,1
913,0,0.84,0.8,-1.3317,1
913,1,1.62,0.8,-0.55171,1
913,1,1.09,0.2,1.0884,1
913,1,10.24,0.2,10.238,1
913,1,9.67,0.5,9.4815,1
913,1,7.84,0.8,5.6683,1
913,1,8.05,1,1.12,1
913,0,-1.26,1,-8.19,1
913,0,-0.16,0.5,-0.34853,1
913,0,0.99,0.2,0.98839,1
913,1,1.27,0.2,1.2684,1
913,1,10.08,0.2,10.078,1
913,1,9.94,0.5,9.7515,1
913,1,7.26,0.8,5.0883,1
913,0,7.78,1,0.85,1
913,0,-1.15,1,-8.08,1
913,0,-0.54,0.8,-2.7117,1
913,0,0.92,0.5,0.73147,1
913,1,1.54,0.2,1.5384,1
913,1,9.92,0.2,9.9184,1
913,1,7.27,0.5,7.0815,1
913,0,7.55,1,0.62,1
913,0,-1.95,1,-8.88,1
913,0,-0.11,0.8,-2.2817,1
913,0,0.92,0.2,0.91839,1
913,1,1.74,0.5,1.5515,1
914,1,9.33,0.2,9.3047,1
914,1,10.4,0.5,10.323,1
914,1,7.79,0.8,7.6529,1
914,0,-2,1,-2.18,1
914,0,-0.03,0.8,-0.1671,1
914,0,1.28,0.5,1.2027,1
914,1,9.97,0.2,9.9447,1
914,1,9.62,0.5,9.5427,1
914,1,8.15,0.8,8.0129,1
914,1,7.82,0.2,7.7947,1
914,0,-0.2,1,-0.38,1
914,0,-0.8,0.8,-0.9371,1
914,0,0.6,0.2,0.57473,1
914,0,1.27,0.5,1.1927,1
914,1,9.25,0.2,9.2247,1
914,1,10.24,0.2,10.215,1
914,1,8.13,1,7.95,1
914,1,7.98,0.5,7.9027,1
914,1,7.25,0.2,7.2247,1
914,0,-1.35,0.8,-1.4871,1
914,0,-0.85,1,-1.03,1
914,0,0.52,0.2,0.49473,1
914,0,0.95,0.5,0.87273,1
914,1,10.75,1,10.57,1
914,1,10.15,0.8,10.013,1
914,1,9.89,0.2,9.8647,1
914,1,7.4,1,7.22,1
914,1,7.19,0.2,7.1647,1
914,0,-0.22,0.8,-0.3571,1
914,0,-0.44,1,-0.62,1
914,0,1.69,0.2,1.6647,1
914,1,9.8,0.5,9.7227,1
914,1,10.1,0.5,10.023,1
914,1,10.25,0.8,10.113,1
914,1,8.15,0.2,8.1247,1
914,1,7.05,0.5,6.9727,1
914,0,-1.15,0.8,-1.2871,1
914,0,-1.3,1,-1.48,1
914,0,1.75,0.5,1.6727,1
914,0,0.89,0.2,0.86473,1
914,1,9.05,0.5,8.9727,1
914,1,9.97,0.2,9.9447,1
914,1,8.29,0.5,8.2127,1
914,1,7.96,0.8,7.8229,1
914,0,-1.55,1,-1.73,1
914,0,-0.52,0.8,-0.6571,1
914,0,0.92,0.2,0.89473,1
914,1,9.78,0.5,9.7027,1
914,1,10.16,0.8,10.023,1
914,1,7.34,0.5,7.2627,1
914,1,8.08,1,7.9,1
914,0,-1.46,0.8,-1.5971,1
914,0,-0.01,0.5,-0.087271,1
914,0,0.92,0.5,0.84273,1
914,0,1.46,1,1.28,1
914,0,0.85,0.5,0.77273,1
914,1,10.22,0.5,10.143,1
914,1,9.48,0.2,9.4547,1
914,1,7.92,1,7.74,1
914,1,8.12,0.8,7.9829,1
914,0,-1.67,0.8,-1.8071,1
914,0,0.84,0.2,0.81473,1
914,0,1.74,0.5,1.6627,1
914,1,9.66,0.5,9.5827,1
914,1,9.99,0.2,9.9647,1
914,1,7.09,0.8,6.9529,1
914,1,8.12,1,7.94,1
914,0,-0.46,1,-0.64,1
914,0,0.62,0.8,0.4829,1
914,0,0.84,0.5,0.76273,1
914,0,0.78,0.2,0.75473,1
914,1,9.95,0.2,9.9247,1
914,1,10.47,0.5,10.393,1
914,1,8.33,1,8.15,1
914,1,7.22,0.8,7.0829,1
914,1,7.55,1,7.37,1
914,1,-1.55,0.8,-1.6871,1
914,0,-0.37,1,-0.55,1
914,0,1.04,0.5,0.96273,1
914,1,9.99,0.2,9.9647,1
914,0,-0.27,1,-0.45,2
914,0,-0.4,0.8,-0.5371,2
914,0,1.2,0.5,1.1227,2
914,0,0.8,0.2,0.77473,2
914,1,10.37,0.5,10.293,2
914,1,9.25,0.2,9.2247,2
914,1,7.17,0.5,7.0927,2
914,1,7.33,0.5,7.2527,2
914,0,-1.92,1,-2.1,2
914,0,-0.31,0.8,-0.4471,2
914,0,0.74,0.5,0.66273,2
914,1,1.14,0.2,1.1147,2
914,1,10.1,0.2,10.075,2
914,1,9.55,0.5,9.4727,2
914,1,7.88,0.8,7.7429,2
914,1,7.9,1,7.72,2
914,1,7.22,1,7.04,2
914,0,-1.51,1,-1.69,2
914,0,-0.24,0.8,-0.3771,2
914,0,0.83,0.5,0.75273,2
914,1,1.2,0.2,1.1747,2
914,1,1.49,0.2,1.4647,2
914,1,9.78,0.2,9.7547,2
914,1,10.99,0.5,10.913,2
914,1,7.43,1,7.25,2
914,0,-0.05,1,-0.23,2
914,0,-0.85,0.8,-0.9871,2
914,0,0.52,0.5,0.44273,2
914,1,1.65,0.2,1.6247,2
914,1,9.83,0.2,9.8047,2
914,1,10.34,0.5,10.263,2
914,1,8.68,0.8,8.5429,2
914,1,7.97,0.8,7.8329,2
914,1,7.52,1,7.34,2
914,0,-0.89,1,-1.07,2
914,0,0.19,0.8,0.052898,2
914,0,1.65,0.5,1.5727,2
914,1,1.62,0.2,1.5947,2
914,1,10.26,0.2,10.235,2
914,1,8.24,1,8.06,2
914,1,7.99,0.8,7.8529,2
914,0,-0.96,1,-1.14,2
914,0,0.63,0.5,0.55273,2
914,0,1.45,0.2,1.4247,2
914,1,10.55,0.2,10.525,2
914,1,10.22,0.5,10.143,2
914,1,7.33,0.8,7.1929,2
914,1,7.47,0.8,7.3329,2
914,1,7.95,1,7.77,2
914,0,-1.22,1,-1.4,2
914,0,-0.16,0.8,-0.2971,2
914,0,0.62,0.8,0.4829,2
914,1,1.51,0.2,1.4847,2
914,1,10.12,0.5,10.043,2
914,1,9.99,0.2,9.9647,2
914,1,8.07,1,7.89,2
914,1,7.96,0.8,7.8229,2
914,0,-1.26,1,-1.44,2
914,0,0.84,0.5,0.76273,2
914,1,1.33,0.2,1.3047,2
914,1,9.24,0.2,9.2147,2
914,1,10.12,0.5,10.043,2
914,1,7.48,0.8,7.3429,2
914,1,7.22,1,7.04,2
914,0,-1.15,1,-1.33,2
914,0,-0.54,0.8,-0.6771,2
914,0,0.92,0.5,0.84273,2
914,0,0.99,0.2,0.96473,2
914,1,1.54,0.2,1.5147,2
914,1,10.08,0.2,10.055,2
914,1,9.34,0.5,9.2627,2
914,1,7.78,0.8,7.6429,2
914,1,8.16,1,7.98,2
914,0,-1.08,1,-1.26,2
914,0,0.48,0.8,0.3429,2
914,1,1.45,0.2,1.4247,2
914,1,10.13,0.2,10.105,2
914,1,10.4,0.5,10.323,2
914,1,7.33,1,7.15,2
914,0,-1.95,1,-2.13,2
914,0,-1.77,1,-1.95,1
914,0,-0.08,0.8,-0.2171,1
914,0,1.43,0.5,1.3527,1
914,1,9.4,0.2,9.3747,1
914,1,9.38,0.5,9.3027,1
914,1,7.16,0.8,7.0229,1
914,0,-2,1,-2.18,1
914,0,-0.64,0.8,-0.7771,1
914,0,0.83,0.2,0.80473,1
914,0,1.75,0.5,1.6727,1
914,1,9.99,0.2,9.9647,1
914,1,9.61,0.5,9.5327,1
914,1,8.12,0.8,7.9829,1
914,1,7.99,1,7.81,1
914,0,-1.86,0.8,-1.9971,1
914,0,-0.12,0.8,-0.2571,1
914,0,0.45,0.5,0.37273,1
914,0,1.67,0.5,1.5927,1
914,0,0.99,0.2,0.96473,1
914,1,10.11,0.5,10.033,1
914,1,9.75,0.2,9.7247,1
914,1,10.15,0.5,10.073,1
914,1,9.89,0.2,9.8647,1
914,1,7.4,0.8,7.2629,1
914,1,8.19,1,8.01,1
914,0,-0.22,0.8,-0.3571,1
914,0,-0.44,1,-0.62,1
914,1,1.79,0.2,1.7647,1
914,1,9.8,0.5,9.7227,1
914,1,10.1,0.2,10.075,1
914,1,10.25,0.5,10.173,1
914,1,8.15,1,7.97,1
914,1,7.05,0.8,6.9129,1
914,0,-1.15,0.8,-1.2871,1
914,0,-1.3,1,-1.48,1
914,0,0.75,0.5,0.67273,1
914,1,1.69,0.2,1.6647,1
914,1,9.97,0.5,9.8927,1
914,1,10.07,0.2,10.045,1
914,1,8.29,1,8.11,1
914,1,7.96,0.8,7.8229,1
914,0,-0.85,1,-1.03,1
914,0,0.52,0.8,0.3829,1
914,1,1.73,0.5,1.6527,1
914,1,9.78,0.2,9.7547,1
914,1,10.16,0.5,10.083,1
914,1,8.87,0.8,8.7329,1
914,0,-0.46,1,-0.64,1
914,0,0.62,0.8,0.4829,1
914,0,0.84,0.5,0.76273,1
914,0,0.78,0.2,0.75473,1
914,1,10.25,0.2,10.225,1
914,1,9.24,0.2,9.2147,1
914,1,8.13,1,7.95,1
914,1,8.08,0.8,7.9429,1
914,1,7.25,0.8,7.1129,1
914,0,-1.67,0.8,-1.8071,1
914,0,0.84,0.5,0.76273,1
914,0,1.74,0.5,1.6627,1
914,1,9.66,0.5,9.5827,1
914,1,9.99,0.2,9.9647,1
914,1,7.09,0.8,6.9529,1
914,1,8.12,1,7.94,1
914,0,-1.55,1,-1.73,1
914,0,-0.52,0.8,-0.6571,1
914,0,0.92,0.2,0.89473,1
914,1,9.95,0.2,9.9247,1
914,1,10.47,0.5,10.393,1
914,1,8.33,1,8.15,1
914,1,7.22,0.8,7.0829,1
914,1,7.55,1,7.37,1
914,0,-1.55,0.8,-1.6871,1
914,0,-0.37,1,-0.55,1
914,0,1.04,0.5,0.96273,1
914,1,9.99,0.2,9.9647,1
914,1,9.24,0.5,9.1627,1
914,1,7.92,1,7.74,1
914,1,8.08,1,7.9,1
914,0,-1.06,1,-1.24,1
914,0,-0.35,0.8,-0.4871,1
914,0,9.47,0.2,9.4447,2
914,1,9.98,0.5,9.9027,2
914,1,7.19,0.5,7.1127,2
914,1,7.22,0.5,7.1427,2
914,0,-0.92,1,-1.1,2
914,0,-0.31,0.8,-0.4471,2
914,0,0.41,0.5,0.33273,2
914,1,1.74,0.5,1.6627,2
914,1,1.14,0.2,1.1147,2
914,1,9.78,0.2,9.7547,2
914,1,9.99,0.5,9.9127,2
914,1,7.43,1,7.25,2
914,0,-1.51,1,-1.69,2
914,0,0.76,0.8,0.6229,2
914,0,0.83,0.5,0.75273,2
914,0,1.2,0.5,1.1227,2
914,1,1.77,0.2,1.7447,2
914,1,10.1,0.2,10.075,2
914,1,9.55,0.5,9.4727,2
914,1,7.88,0.8,7.7429,2
914,1,8.9,1,8.72,2
914,1,7.22,0.8,7.0829,2
914,0,-0.37,1,-0.55,2
914,0,0.55,0.8,0.4129,2
914,0,1.01,0.2,0.98473,2
914,1,9.34,0.2,9.3147,2
914,1,10.18,0.5,10.103,2
914,1,8.16,0.8,8.0229,2
914,1,7.97,0.8,7.8329,2
914,0,-0.81,0.8,-0.9471,2
914,1,1.65,0.5,1.5727,2
914,1,1.94,0.2,1.9147,2
914,1,10.99,0.5,10.913,2
914,1,9.52,0.2,9.4947,2
914,1,8.26,1,8.08,2
914,1,8.24,0.8,8.1029,2
914,1,-0.05,1,-0.23,2
914,0,0.15,0.8,0.012898,2
914,0,0.52,0.5,0.44273,2
914,1,1.65,0.2,1.6247,2
914,1,10.11,0.5,10.033,2
914,1,9.57,0.2,9.5447,2
914,1,9.25,0.5,9.1727,2
914,1,7.86,0.8,7.7229,2
914,1,8.02,0.8,7.8829,2
914,1,7.62,1,7.44,2
914,0,-1.96,1,-2.14,2
914,0,0.63,0.5,0.55273,2
914,0,1.19,0.2,1.1647,2
914,1,9.21,0.2,9.1847,2
914,1,9.19,0.5,9.1127,2
914,1,7.86,1,7.68,2
914,1,7.66,0.8,7.5229,2
914,0,-0.22,1,-0.4,2
914,0,0.84,0.8,0.7029,2
914,0,1.62,0.8,1.4829,2
914,0,1.09,0.2,1.0647,2
914,1,10.24,0.2,10.215,2
914,1,9.67,0.5,9.5927,2
914,1,7.84,0.8,7.7029,2
914,1,8.05,1,7.87,2
914,0,-1.26,1,-1.44,2
914,0,-0.16,0.5,-0.23727,2
914,0,0.99,0.2,0.96473,2
914,1,1.27,0.2,1.2447,2
914,1,10.08,0.2,10.055,2
914,1,9.94,0.5,9.8627,2
914,1,7.26,0.8,7.1229,2
914,1,7.78,1,7.6,2
914,0,-1.15,1,-1.33,2
914,0,-0.54,0.8,-0.6771,2
914,0,0.92,0.5,0.84273,2
914,1,1.54,0.2,1.5147,2
914,1,9.92,0.2,9.8947,2
914,1,7.27,0.5,7.1927,2
914,1,7.55,1,7.37,2
914,0,-1.95,1,-2.13,2
914,0,-0.11,0.8,-0.2471,2
914,0,0.92,0.2,0.89473,2
914,0,1.74,0.5,1.6627,2
